,TM
0,1999-05-01 08:00:00
1,1999-05-02 08:00:00
2,1999-05-03 08:00:00
3,1999-05-04 08:00:00
4,1999-05-05 08:00:00
5,1999-05-06 08:00:00
6,1999-05-07 08:00:00
7,1999-05-08 08:00:00
8,1999-05-09 08:00:00
9,1999-05-10 08:00:00
10,1999-05-11 08:00:00
11,1999-05-12 08:00:00
12,1999-05-13 08:00:00
13,1999-05-14 08:00:00
14,1999-05-15 08:00:00
15,1999-05-16 08:00:00
16,1999-05-17 08:00:00
17,1999-05-18 08:00:00
18,1999-05-19 08:00:00
19,1999-05-20 08:00:00
20,1999-05-21 08:00:00
21,1999-05-22 08:00:00
22,1999-05-23 08:00:00
23,1999-05-24 08:00:00
24,1999-05-25 08:00:00
25,1999-05-26 08:00:00
26,1999-05-27 08:00:00
27,1999-05-28 08:00:00
28,1999-05-29 08:00:00
29,1999-05-30 08:00:00
30,1999-05-31 08:00:00
775,1999-06-01 08:00:00
776,1999-06-02 08:00:00
777,1999-06-03 08:00:00
778,1999-06-04 08:00:00
779,1999-06-05 08:00:00
780,1999-06-06 08:00:00
781,1999-06-07 08:00:00
782,1999-06-08 08:00:00
783,1999-06-09 08:00:00
784,1999-06-10 08:00:00
785,1999-06-11 08:00:00
786,1999-06-12 08:00:00
787,1999-06-13 08:00:00
788,1999-06-14 08:00:00
789,1999-06-15 08:00:00
790,1999-06-16 08:00:00
791,1999-06-17 08:00:00
792,1999-06-18 08:00:00
793,1999-06-19 08:00:00
794,1999-06-20 08:00:00
795,1999-06-21 08:00:00
796,1999-06-22 08:00:00
797,1999-06-23 08:00:00
798,1999-06-24 08:00:00
799,1999-06-25 08:00:00
800,1999-06-26 08:00:00
801,1999-06-27 08:00:00
802,1999-06-28 08:00:00
803,1999-06-29 08:00:00
804,1999-06-30 08:00:00
1525,1999-07-01 08:00:00
1526,1999-07-02 08:00:00
1527,1999-07-03 08:00:00
1528,1999-07-04 08:00:00
1529,1999-07-05 08:00:00
1530,1999-07-06 08:00:00
1531,1999-07-07 08:00:00
1532,1999-07-08 08:00:00
1533,1999-07-09 08:00:00
1534,1999-07-10 08:00:00
1535,1999-07-11 08:00:00
1536,1999-07-12 08:00:00
1537,1999-07-13 08:00:00
1538,1999-07-14 08:00:00
1539,1999-07-15 08:00:00
1540,1999-07-16 08:00:00
1541,1999-07-17 08:00:00
1542,1999-07-18 08:00:00
1543,1999-07-19 08:00:00
1544,1999-07-20 08:00:00
1545,1999-07-21 08:00:00
1546,1999-07-22 08:00:00
1547,1999-07-23 08:00:00
1548,1999-07-24 08:00:00
1549,1999-07-25 08:00:00
1550,1999-07-26 08:00:00
1551,1999-07-27 08:00:00
1552,1999-07-28 08:00:00
1553,1999-07-29 08:00:00
1554,1999-07-30 08:00:00
1555,1999-07-31 08:00:00
2300,1999-08-01 08:00:00
2301,1999-08-02 08:00:00
2302,1999-08-03 08:00:00
2303,1999-08-04 08:00:00
2304,1999-08-05 08:00:00
2305,1999-08-06 08:00:00
2306,1999-08-07 08:00:00
2307,1999-08-08 08:00:00
2308,1999-08-09 08:00:00
2309,1999-08-10 08:00:00
2310,1999-08-11 08:00:00
2311,1999-08-12 08:00:00
2312,1999-08-13 08:00:00
2313,1999-08-14 08:00:00
2314,1999-08-15 08:00:00
2315,1999-08-16 08:00:00
2316,1999-08-17 08:00:00
2317,1999-08-18 08:00:00
2318,1999-08-19 08:00:00
2319,1999-08-20 08:00:00
2320,1999-08-21 08:00:00
2321,1999-08-22 08:00:00
2322,1999-08-23 08:00:00
2323,1999-08-24 08:00:00
2324,1999-08-25 08:00:00
2325,1999-08-26 08:00:00
2326,1999-08-27 08:00:00
2327,1999-08-28 08:00:00
2328,1999-08-29 08:00:00
2329,1999-08-30 08:00:00
2330,1999-08-31 08:00:00
3060,1999-09-01 08:00:00
3061,1999-09-02 08:00:00
3062,1999-09-03 08:00:00
3063,1999-09-04 08:00:00
3064,1999-09-05 08:00:00
3065,1999-09-06 08:00:00
3066,1999-09-07 08:00:00
3067,1999-09-08 08:00:00
3068,1999-09-09 08:00:00
3069,1999-09-10 08:00:00
3070,1999-09-11 08:00:00
3071,1999-09-12 08:00:00
3072,1999-09-13 08:00:00
3073,1999-09-14 08:00:00
3074,1999-09-15 08:00:00
3075,1999-09-16 08:00:00
3076,1999-09-17 08:00:00
3077,1999-09-18 08:00:00
3078,1999-09-19 08:00:00
3079,1999-09-20 08:00:00
3080,1999-09-21 08:00:00
3081,1999-09-22 08:00:00
3082,1999-09-23 08:00:00
3083,1999-09-24 08:00:00
3084,1999-09-25 08:00:00
3085,1999-09-26 08:00:00
3086,1999-09-27 08:00:00
3087,1999-09-28 08:00:00
3088,1999-09-29 08:00:00
3089,1999-09-30 08:00:00
31,2000-05-01 08:00:00
32,2000-05-02 08:00:00
33,2000-05-03 08:00:00
34,2000-05-04 08:00:00
35,2000-05-05 08:00:00
36,2000-05-06 08:00:00
37,2000-05-07 08:00:00
38,2000-05-08 08:00:00
39,2000-05-09 08:00:00
40,2000-05-10 08:00:00
41,2000-05-11 08:00:00
42,2000-05-12 08:00:00
43,2000-05-13 08:00:00
44,2000-05-14 08:00:00
45,2000-05-15 08:00:00
46,2000-05-16 08:00:00
47,2000-05-17 08:00:00
48,2000-05-18 08:00:00
49,2000-05-19 08:00:00
50,2000-05-20 08:00:00
51,2000-05-21 08:00:00
52,2000-05-22 08:00:00
53,2000-05-23 08:00:00
54,2000-05-24 08:00:00
55,2000-05-25 08:00:00
56,2000-05-26 08:00:00
57,2000-05-27 08:00:00
58,2000-05-28 08:00:00
59,2000-05-29 08:00:00
60,2000-05-30 08:00:00
61,2000-05-31 08:00:00
805,2000-06-01 08:00:00
806,2000-06-02 08:00:00
807,2000-06-03 08:00:00
808,2000-06-04 08:00:00
809,2000-06-05 08:00:00
810,2000-06-06 08:00:00
811,2000-06-07 08:00:00
812,2000-06-08 08:00:00
813,2000-06-09 08:00:00
814,2000-06-10 08:00:00
815,2000-06-11 08:00:00
816,2000-06-12 08:00:00
817,2000-06-13 08:00:00
818,2000-06-14 08:00:00
819,2000-06-15 08:00:00
820,2000-06-16 08:00:00
821,2000-06-17 08:00:00
822,2000-06-18 08:00:00
823,2000-06-19 08:00:00
824,2000-06-20 08:00:00
825,2000-06-21 08:00:00
826,2000-06-22 08:00:00
827,2000-06-23 08:00:00
828,2000-06-24 08:00:00
829,2000-06-25 08:00:00
830,2000-06-26 08:00:00
831,2000-06-27 08:00:00
832,2000-06-28 08:00:00
833,2000-06-29 08:00:00
834,2000-06-30 08:00:00
1556,2000-07-01 08:00:00
1557,2000-07-02 08:00:00
1558,2000-07-03 08:00:00
1559,2000-07-04 08:00:00
1560,2000-07-05 08:00:00
1561,2000-07-06 08:00:00
1562,2000-07-07 08:00:00
1563,2000-07-08 08:00:00
1564,2000-07-09 08:00:00
1565,2000-07-10 08:00:00
1566,2000-07-11 08:00:00
1567,2000-07-12 08:00:00
1568,2000-07-13 08:00:00
1569,2000-07-14 08:00:00
1570,2000-07-15 08:00:00
1571,2000-07-16 08:00:00
1572,2000-07-17 08:00:00
1573,2000-07-18 08:00:00
1574,2000-07-19 08:00:00
1575,2000-07-20 08:00:00
1576,2000-07-21 08:00:00
1577,2000-07-22 08:00:00
1578,2000-07-23 08:00:00
1579,2000-07-24 08:00:00
1580,2000-07-25 08:00:00
1581,2000-07-26 08:00:00
1582,2000-07-27 08:00:00
1583,2000-07-28 08:00:00
1584,2000-07-29 08:00:00
1585,2000-07-30 08:00:00
1586,2000-07-31 08:00:00
2331,2000-08-01 08:00:00
2332,2000-08-02 08:00:00
2333,2000-08-03 08:00:00
2334,2000-08-04 08:00:00
2335,2000-08-05 08:00:00
2336,2000-08-06 08:00:00
2337,2000-08-07 08:00:00
2338,2000-08-08 08:00:00
2339,2000-08-09 08:00:00
2340,2000-08-10 08:00:00
2341,2000-08-11 08:00:00
2342,2000-08-12 08:00:00
2343,2000-08-13 08:00:00
2344,2000-08-14 08:00:00
2345,2000-08-15 08:00:00
2346,2000-08-16 08:00:00
2347,2000-08-17 08:00:00
2348,2000-08-18 08:00:00
2349,2000-08-19 08:00:00
2350,2000-08-20 08:00:00
2351,2000-08-21 08:00:00
2352,2000-08-22 08:00:00
2353,2000-08-23 08:00:00
2354,2000-08-24 08:00:00
2355,2000-08-25 08:00:00
2356,2000-08-26 08:00:00
2357,2000-08-27 08:00:00
2358,2000-08-28 08:00:00
2359,2000-08-29 08:00:00
2360,2000-08-30 08:00:00
2361,2000-08-31 08:00:00
3090,2000-09-01 08:00:00
3091,2000-09-02 08:00:00
3092,2000-09-03 08:00:00
3093,2000-09-04 08:00:00
3094,2000-09-05 08:00:00
3095,2000-09-06 08:00:00
3096,2000-09-07 08:00:00
3097,2000-09-08 08:00:00
3098,2000-09-09 08:00:00
3099,2000-09-10 08:00:00
3100,2000-09-11 08:00:00
3101,2000-09-12 08:00:00
3102,2000-09-13 08:00:00
3103,2000-09-14 08:00:00
3104,2000-09-15 08:00:00
3105,2000-09-16 08:00:00
3106,2000-09-17 08:00:00
3107,2000-09-18 08:00:00
3108,2000-09-19 08:00:00
3109,2000-09-20 08:00:00
3110,2000-09-21 08:00:00
3111,2000-09-22 08:00:00
3112,2000-09-23 08:00:00
3113,2000-09-24 08:00:00
3114,2000-09-25 08:00:00
3115,2000-09-26 08:00:00
3116,2000-09-27 08:00:00
3117,2000-09-28 08:00:00
3118,2000-09-29 08:00:00
3119,2000-09-30 08:00:00
62,2001-05-01 08:00:00
63,2001-05-02 08:00:00
64,2001-05-03 08:00:00
65,2001-05-04 08:00:00
66,2001-05-05 08:00:00
67,2001-05-06 08:00:00
68,2001-05-07 08:00:00
69,2001-05-08 08:00:00
70,2001-05-09 08:00:00
71,2001-05-10 08:00:00
72,2001-05-11 08:00:00
73,2001-05-12 08:00:00
74,2001-05-13 08:00:00
75,2001-05-14 08:00:00
76,2001-05-15 08:00:00
77,2001-05-16 08:00:00
78,2001-05-17 08:00:00
79,2001-05-18 08:00:00
80,2001-05-19 08:00:00
81,2001-05-20 08:00:00
82,2001-05-21 08:00:00
83,2001-05-22 08:00:00
84,2001-05-23 08:00:00
85,2001-05-24 08:00:00
86,2001-05-25 08:00:00
87,2001-05-26 08:00:00
88,2001-05-27 08:00:00
89,2001-05-28 08:00:00
90,2001-05-29 08:00:00
91,2001-05-30 08:00:00
92,2001-05-31 08:00:00
835,2001-06-01 08:00:00
836,2001-06-02 08:00:00
837,2001-06-03 08:00:00
838,2001-06-04 08:00:00
839,2001-06-05 08:00:00
840,2001-06-06 08:00:00
841,2001-06-07 08:00:00
842,2001-06-08 08:00:00
843,2001-06-09 08:00:00
844,2001-06-10 08:00:00
845,2001-06-11 08:00:00
846,2001-06-12 08:00:00
847,2001-06-13 08:00:00
848,2001-06-14 08:00:00
849,2001-06-15 08:00:00
850,2001-06-16 08:00:00
851,2001-06-17 08:00:00
852,2001-06-18 08:00:00
853,2001-06-19 08:00:00
854,2001-06-20 08:00:00
855,2001-06-21 08:00:00
856,2001-06-22 08:00:00
857,2001-06-23 08:00:00
858,2001-06-24 08:00:00
859,2001-06-25 08:00:00
860,2001-06-26 08:00:00
861,2001-06-27 08:00:00
862,2001-06-28 08:00:00
863,2001-06-29 08:00:00
864,2001-06-30 08:00:00
1587,2001-07-01 08:00:00
1588,2001-07-02 08:00:00
1589,2001-07-03 08:00:00
1590,2001-07-04 08:00:00
1591,2001-07-05 08:00:00
1592,2001-07-06 08:00:00
1593,2001-07-07 08:00:00
1594,2001-07-08 08:00:00
1595,2001-07-09 08:00:00
1596,2001-07-10 08:00:00
1597,2001-07-11 08:00:00
1598,2001-07-12 08:00:00
1599,2001-07-13 08:00:00
1600,2001-07-14 08:00:00
1601,2001-07-15 08:00:00
1602,2001-07-16 08:00:00
1603,2001-07-17 08:00:00
1604,2001-07-18 08:00:00
1605,2001-07-19 08:00:00
1606,2001-07-20 08:00:00
1607,2001-07-21 08:00:00
1608,2001-07-22 08:00:00
1609,2001-07-23 08:00:00
1610,2001-07-24 08:00:00
1611,2001-07-25 08:00:00
1612,2001-07-26 08:00:00
1613,2001-07-27 08:00:00
1614,2001-07-28 08:00:00
1615,2001-07-29 08:00:00
1616,2001-07-30 08:00:00
1617,2001-07-31 08:00:00
2362,2001-08-01 08:00:00
2363,2001-08-02 08:00:00
2364,2001-08-03 08:00:00
2365,2001-08-04 08:00:00
2366,2001-08-05 08:00:00
2367,2001-08-06 08:00:00
2368,2001-08-07 08:00:00
2369,2001-08-08 08:00:00
2370,2001-08-09 08:00:00
2371,2001-08-10 08:00:00
2372,2001-08-11 08:00:00
2373,2001-08-12 08:00:00
2374,2001-08-13 08:00:00
2375,2001-08-14 08:00:00
2376,2001-08-15 08:00:00
2377,2001-08-16 08:00:00
2378,2001-08-17 08:00:00
2379,2001-08-18 08:00:00
2380,2001-08-19 08:00:00
2381,2001-08-20 08:00:00
2382,2001-08-21 08:00:00
2383,2001-08-22 08:00:00
2384,2001-08-23 08:00:00
2385,2001-08-24 08:00:00
2386,2001-08-25 08:00:00
2387,2001-08-26 08:00:00
2388,2001-08-27 08:00:00
2389,2001-08-28 08:00:00
2390,2001-08-29 08:00:00
2391,2001-08-30 08:00:00
2392,2001-08-31 08:00:00
3120,2001-09-01 08:00:00
3121,2001-09-02 08:00:00
3122,2001-09-03 08:00:00
3123,2001-09-04 08:00:00
3124,2001-09-05 08:00:00
3125,2001-09-06 08:00:00
3126,2001-09-07 08:00:00
3127,2001-09-08 08:00:00
3128,2001-09-09 08:00:00
3129,2001-09-10 08:00:00
3130,2001-09-11 08:00:00
3131,2001-09-12 08:00:00
3132,2001-09-13 08:00:00
3133,2001-09-14 08:00:00
3134,2001-09-15 08:00:00
3135,2001-09-16 08:00:00
3136,2001-09-17 08:00:00
3137,2001-09-18 08:00:00
3138,2001-09-19 08:00:00
3139,2001-09-20 08:00:00
3140,2001-09-21 08:00:00
3141,2001-09-22 08:00:00
3142,2001-09-23 08:00:00
3143,2001-09-24 08:00:00
3144,2001-09-25 08:00:00
3145,2001-09-26 08:00:00
3146,2001-09-27 08:00:00
3147,2001-09-28 08:00:00
3148,2001-09-29 08:00:00
3149,2001-09-30 08:00:00
93,2002-05-01 08:00:00
94,2002-05-02 08:00:00
95,2002-05-03 08:00:00
96,2002-05-04 08:00:00
97,2002-05-05 08:00:00
98,2002-05-06 08:00:00
99,2002-05-07 08:00:00
100,2002-05-08 08:00:00
101,2002-05-09 08:00:00
102,2002-05-10 08:00:00
103,2002-05-11 08:00:00
104,2002-05-12 08:00:00
105,2002-05-13 08:00:00
106,2002-05-14 08:00:00
107,2002-05-15 08:00:00
108,2002-05-16 08:00:00
109,2002-05-17 08:00:00
110,2002-05-18 08:00:00
111,2002-05-19 08:00:00
112,2002-05-20 08:00:00
113,2002-05-21 08:00:00
114,2002-05-22 08:00:00
115,2002-05-23 08:00:00
116,2002-05-24 08:00:00
117,2002-05-25 08:00:00
118,2002-05-26 08:00:00
119,2002-05-27 08:00:00
120,2002-05-28 08:00:00
121,2002-05-29 08:00:00
122,2002-05-30 08:00:00
123,2002-05-31 08:00:00
865,2002-06-01 08:00:00
866,2002-06-02 08:00:00
867,2002-06-03 08:00:00
868,2002-06-04 08:00:00
869,2002-06-05 08:00:00
870,2002-06-06 08:00:00
871,2002-06-07 08:00:00
872,2002-06-08 08:00:00
873,2002-06-09 08:00:00
874,2002-06-10 08:00:00
875,2002-06-11 08:00:00
876,2002-06-12 08:00:00
877,2002-06-13 08:00:00
878,2002-06-14 08:00:00
879,2002-06-15 08:00:00
880,2002-06-16 08:00:00
881,2002-06-17 08:00:00
882,2002-06-18 08:00:00
883,2002-06-19 08:00:00
884,2002-06-20 08:00:00
885,2002-06-21 08:00:00
886,2002-06-22 08:00:00
887,2002-06-23 08:00:00
888,2002-06-24 08:00:00
889,2002-06-25 08:00:00
890,2002-06-26 08:00:00
891,2002-06-27 08:00:00
892,2002-06-28 08:00:00
893,2002-06-29 08:00:00
894,2002-06-30 08:00:00
1618,2002-07-01 08:00:00
1619,2002-07-02 08:00:00
1620,2002-07-03 08:00:00
1621,2002-07-04 08:00:00
1622,2002-07-05 08:00:00
1623,2002-07-06 08:00:00
1624,2002-07-07 08:00:00
1625,2002-07-08 08:00:00
1626,2002-07-09 08:00:00
1627,2002-07-10 08:00:00
1628,2002-07-11 08:00:00
1629,2002-07-12 08:00:00
1630,2002-07-13 08:00:00
1631,2002-07-14 08:00:00
1632,2002-07-15 08:00:00
1633,2002-07-16 08:00:00
1634,2002-07-17 08:00:00
1635,2002-07-18 08:00:00
1636,2002-07-19 08:00:00
1637,2002-07-20 08:00:00
1638,2002-07-21 08:00:00
1639,2002-07-22 08:00:00
1640,2002-07-23 08:00:00
1641,2002-07-24 08:00:00
1642,2002-07-25 08:00:00
1643,2002-07-26 08:00:00
1644,2002-07-27 08:00:00
1645,2002-07-28 08:00:00
1646,2002-07-29 08:00:00
1647,2002-07-30 08:00:00
1648,2002-07-31 08:00:00
2393,2002-08-01 08:00:00
2394,2002-08-02 08:00:00
2395,2002-08-03 08:00:00
2396,2002-08-04 08:00:00
2397,2002-08-05 08:00:00
2398,2002-08-06 08:00:00
2399,2002-08-07 08:00:00
2400,2002-08-08 08:00:00
2401,2002-08-09 08:00:00
2402,2002-08-10 08:00:00
2403,2002-08-11 08:00:00
2404,2002-08-12 08:00:00
2405,2002-08-13 08:00:00
2406,2002-08-14 08:00:00
2407,2002-08-15 08:00:00
2408,2002-08-16 08:00:00
2409,2002-08-17 08:00:00
2410,2002-08-18 08:00:00
2411,2002-08-19 08:00:00
2412,2002-08-20 08:00:00
2413,2002-08-21 08:00:00
2414,2002-08-22 08:00:00
2415,2002-08-23 08:00:00
2416,2002-08-24 08:00:00
2417,2002-08-25 08:00:00
2418,2002-08-26 08:00:00
2419,2002-08-27 08:00:00
2420,2002-08-28 08:00:00
2421,2002-08-29 08:00:00
2422,2002-08-30 08:00:00
2423,2002-08-31 08:00:00
3150,2002-09-01 08:00:00
3151,2002-09-02 08:00:00
3152,2002-09-03 08:00:00
3153,2002-09-04 08:00:00
3154,2002-09-05 08:00:00
3155,2002-09-06 08:00:00
3156,2002-09-07 08:00:00
3157,2002-09-08 08:00:00
3158,2002-09-09 08:00:00
3159,2002-09-10 08:00:00
3160,2002-09-11 08:00:00
3161,2002-09-12 08:00:00
3162,2002-09-13 08:00:00
3163,2002-09-14 08:00:00
3164,2002-09-15 08:00:00
3165,2002-09-16 08:00:00
3166,2002-09-17 08:00:00
3167,2002-09-18 08:00:00
3168,2002-09-19 08:00:00
3169,2002-09-20 08:00:00
3170,2002-09-21 08:00:00
3171,2002-09-22 08:00:00
3172,2002-09-23 08:00:00
3173,2002-09-24 08:00:00
3174,2002-09-25 08:00:00
3175,2002-09-26 08:00:00
3176,2002-09-27 08:00:00
3177,2002-09-28 08:00:00
3178,2002-09-29 08:00:00
3179,2002-09-30 08:00:00
124,2003-05-01 08:00:00
125,2003-05-02 08:00:00
126,2003-05-03 08:00:00
127,2003-05-04 08:00:00
128,2003-05-05 08:00:00
129,2003-05-06 08:00:00
130,2003-05-07 08:00:00
131,2003-05-08 08:00:00
132,2003-05-09 08:00:00
133,2003-05-10 08:00:00
134,2003-05-11 08:00:00
135,2003-05-12 08:00:00
136,2003-05-13 08:00:00
137,2003-05-14 08:00:00
138,2003-05-15 08:00:00
139,2003-05-16 08:00:00
140,2003-05-17 08:00:00
141,2003-05-18 08:00:00
142,2003-05-19 08:00:00
143,2003-05-20 08:00:00
144,2003-05-21 08:00:00
145,2003-05-22 08:00:00
146,2003-05-23 08:00:00
147,2003-05-24 08:00:00
148,2003-05-25 08:00:00
149,2003-05-26 08:00:00
150,2003-05-27 08:00:00
151,2003-05-28 08:00:00
152,2003-05-29 08:00:00
153,2003-05-30 08:00:00
154,2003-05-31 08:00:00
895,2003-06-01 08:00:00
896,2003-06-02 08:00:00
897,2003-06-03 08:00:00
898,2003-06-04 08:00:00
899,2003-06-05 08:00:00
900,2003-06-06 08:00:00
901,2003-06-07 08:00:00
902,2003-06-08 08:00:00
903,2003-06-09 08:00:00
904,2003-06-10 08:00:00
905,2003-06-11 08:00:00
906,2003-06-12 08:00:00
907,2003-06-13 08:00:00
908,2003-06-14 08:00:00
909,2003-06-15 08:00:00
910,2003-06-16 08:00:00
911,2003-06-17 08:00:00
912,2003-06-18 08:00:00
913,2003-06-19 08:00:00
914,2003-06-20 08:00:00
915,2003-06-21 08:00:00
916,2003-06-22 08:00:00
917,2003-06-23 08:00:00
918,2003-06-24 08:00:00
919,2003-06-25 08:00:00
920,2003-06-26 08:00:00
921,2003-06-27 08:00:00
922,2003-06-28 08:00:00
923,2003-06-29 08:00:00
924,2003-06-30 08:00:00
1649,2003-07-01 08:00:00
1650,2003-07-02 08:00:00
1651,2003-07-03 08:00:00
1652,2003-07-04 08:00:00
1653,2003-07-05 08:00:00
1654,2003-07-06 08:00:00
1655,2003-07-07 08:00:00
1656,2003-07-08 08:00:00
1657,2003-07-09 08:00:00
1658,2003-07-10 08:00:00
1659,2003-07-11 08:00:00
1660,2003-07-12 08:00:00
1661,2003-07-13 08:00:00
1662,2003-07-14 08:00:00
1663,2003-07-15 08:00:00
1664,2003-07-16 08:00:00
1665,2003-07-17 08:00:00
1666,2003-07-18 08:00:00
1667,2003-07-19 08:00:00
1668,2003-07-20 08:00:00
1669,2003-07-21 08:00:00
1670,2003-07-22 08:00:00
1671,2003-07-23 08:00:00
1672,2003-07-24 08:00:00
1673,2003-07-25 08:00:00
1674,2003-07-26 08:00:00
1675,2003-07-27 08:00:00
1676,2003-07-28 08:00:00
1677,2003-07-29 08:00:00
1678,2003-07-30 08:00:00
1679,2003-07-31 08:00:00
2424,2003-08-01 08:00:00
2425,2003-08-02 08:00:00
2426,2003-08-03 08:00:00
2427,2003-08-04 08:00:00
2428,2003-08-05 08:00:00
2429,2003-08-06 08:00:00
2430,2003-08-07 08:00:00
2431,2003-08-08 08:00:00
2432,2003-08-09 08:00:00
2433,2003-08-10 08:00:00
2434,2003-08-11 08:00:00
2435,2003-08-12 08:00:00
2436,2003-08-13 08:00:00
2437,2003-08-14 08:00:00
2438,2003-08-15 08:00:00
2439,2003-08-16 08:00:00
2440,2003-08-17 08:00:00
2441,2003-08-18 08:00:00
2442,2003-08-19 08:00:00
2443,2003-08-20 08:00:00
2444,2003-08-21 08:00:00
2445,2003-08-22 08:00:00
2446,2003-08-23 08:00:00
2447,2003-08-24 08:00:00
2448,2003-08-25 08:00:00
2449,2003-08-26 08:00:00
2450,2003-08-27 08:00:00
2451,2003-08-28 08:00:00
2452,2003-08-29 08:00:00
2453,2003-08-30 08:00:00
2454,2003-08-31 08:00:00
3180,2003-09-01 08:00:00
3181,2003-09-02 08:00:00
3182,2003-09-03 08:00:00
3183,2003-09-04 08:00:00
3184,2003-09-05 08:00:00
3185,2003-09-06 08:00:00
3186,2003-09-07 08:00:00
3187,2003-09-08 08:00:00
3188,2003-09-09 08:00:00
3189,2003-09-10 08:00:00
3190,2003-09-11 08:00:00
3191,2003-09-12 08:00:00
3192,2003-09-13 08:00:00
3193,2003-09-14 08:00:00
3194,2003-09-15 08:00:00
3195,2003-09-16 08:00:00
3196,2003-09-17 08:00:00
3197,2003-09-18 08:00:00
3198,2003-09-19 08:00:00
3199,2003-09-20 08:00:00
3200,2003-09-21 08:00:00
3201,2003-09-22 08:00:00
3202,2003-09-23 08:00:00
3203,2003-09-24 08:00:00
3204,2003-09-25 08:00:00
3205,2003-09-26 08:00:00
3206,2003-09-27 08:00:00
3207,2003-09-28 08:00:00
3208,2003-09-29 08:00:00
3209,2003-09-30 08:00:00
155,2004-05-01 08:00:00
156,2004-05-02 08:00:00
157,2004-05-03 08:00:00
158,2004-05-04 08:00:00
159,2004-05-05 08:00:00
160,2004-05-06 08:00:00
161,2004-05-07 08:00:00
162,2004-05-08 08:00:00
163,2004-05-09 08:00:00
164,2004-05-10 08:00:00
165,2004-05-11 08:00:00
166,2004-05-12 08:00:00
167,2004-05-13 08:00:00
168,2004-05-14 08:00:00
169,2004-05-15 08:00:00
170,2004-05-16 08:00:00
171,2004-05-17 08:00:00
172,2004-05-18 08:00:00
173,2004-05-19 08:00:00
174,2004-05-20 08:00:00
175,2004-05-21 08:00:00
176,2004-05-22 08:00:00
177,2004-05-23 08:00:00
178,2004-05-24 08:00:00
179,2004-05-25 08:00:00
180,2004-05-26 08:00:00
181,2004-05-27 08:00:00
182,2004-05-28 08:00:00
183,2004-05-29 08:00:00
184,2004-05-30 08:00:00
185,2004-05-31 08:00:00
925,2004-06-01 08:00:00
926,2004-06-02 08:00:00
927,2004-06-03 08:00:00
928,2004-06-04 08:00:00
929,2004-06-05 08:00:00
930,2004-06-06 08:00:00
931,2004-06-07 08:00:00
932,2004-06-08 08:00:00
933,2004-06-09 08:00:00
934,2004-06-10 08:00:00
935,2004-06-11 08:00:00
936,2004-06-12 08:00:00
937,2004-06-13 08:00:00
938,2004-06-14 08:00:00
939,2004-06-15 08:00:00
940,2004-06-16 08:00:00
941,2004-06-17 08:00:00
942,2004-06-18 08:00:00
943,2004-06-19 08:00:00
944,2004-06-20 08:00:00
945,2004-06-21 08:00:00
946,2004-06-22 08:00:00
947,2004-06-23 08:00:00
948,2004-06-24 08:00:00
949,2004-06-25 08:00:00
950,2004-06-26 08:00:00
951,2004-06-27 08:00:00
952,2004-06-28 08:00:00
953,2004-06-29 08:00:00
954,2004-06-30 08:00:00
1680,2004-07-01 08:00:00
1681,2004-07-02 08:00:00
1682,2004-07-03 08:00:00
1683,2004-07-04 08:00:00
1684,2004-07-05 08:00:00
1685,2004-07-06 08:00:00
1686,2004-07-07 08:00:00
1687,2004-07-08 08:00:00
1688,2004-07-09 08:00:00
1689,2004-07-10 08:00:00
1690,2004-07-11 08:00:00
1691,2004-07-12 08:00:00
1692,2004-07-13 08:00:00
1693,2004-07-14 08:00:00
1694,2004-07-15 08:00:00
1695,2004-07-16 08:00:00
1696,2004-07-17 08:00:00
1697,2004-07-18 08:00:00
1698,2004-07-19 08:00:00
1699,2004-07-20 08:00:00
1700,2004-07-21 08:00:00
1701,2004-07-22 08:00:00
1702,2004-07-23 08:00:00
1703,2004-07-24 08:00:00
1704,2004-07-25 08:00:00
1705,2004-07-26 08:00:00
1706,2004-07-27 08:00:00
1707,2004-07-28 08:00:00
1708,2004-07-29 08:00:00
1709,2004-07-30 08:00:00
1710,2004-07-31 08:00:00
2455,2004-08-01 08:00:00
2456,2004-08-02 08:00:00
2457,2004-08-03 08:00:00
2458,2004-08-04 08:00:00
2459,2004-08-05 08:00:00
2460,2004-08-06 08:00:00
2461,2004-08-07 08:00:00
2462,2004-08-08 08:00:00
2463,2004-08-09 08:00:00
2464,2004-08-10 08:00:00
2465,2004-08-11 08:00:00
2466,2004-08-12 08:00:00
2467,2004-08-13 08:00:00
2468,2004-08-14 08:00:00
2469,2004-08-15 08:00:00
2470,2004-08-16 08:00:00
2471,2004-08-17 08:00:00
2472,2004-08-18 08:00:00
2473,2004-08-19 08:00:00
2474,2004-08-20 08:00:00
2475,2004-08-21 08:00:00
2476,2004-08-22 08:00:00
2477,2004-08-23 08:00:00
2478,2004-08-24 08:00:00
2479,2004-08-25 08:00:00
2480,2004-08-26 08:00:00
2481,2004-08-27 08:00:00
2482,2004-08-28 08:00:00
2483,2004-08-29 08:00:00
2484,2004-08-30 08:00:00
2485,2004-08-31 08:00:00
3210,2004-09-01 08:00:00
3211,2004-09-02 08:00:00
3212,2004-09-03 08:00:00
3213,2004-09-04 08:00:00
3214,2004-09-05 08:00:00
3215,2004-09-06 08:00:00
3216,2004-09-07 08:00:00
3217,2004-09-08 08:00:00
3218,2004-09-09 08:00:00
3219,2004-09-10 08:00:00
3220,2004-09-11 08:00:00
3221,2004-09-12 08:00:00
3222,2004-09-13 08:00:00
3223,2004-09-14 08:00:00
3224,2004-09-15 08:00:00
3225,2004-09-16 08:00:00
3226,2004-09-17 08:00:00
3227,2004-09-18 08:00:00
3228,2004-09-19 08:00:00
3229,2004-09-20 08:00:00
3230,2004-09-21 08:00:00
3231,2004-09-22 08:00:00
3232,2004-09-23 08:00:00
3233,2004-09-24 08:00:00
3234,2004-09-25 08:00:00
3235,2004-09-26 08:00:00
3236,2004-09-27 08:00:00
3237,2004-09-28 08:00:00
3238,2004-09-29 08:00:00
3239,2004-09-30 08:00:00
186,2005-05-01 08:00:00
187,2005-05-02 08:00:00
188,2005-05-03 08:00:00
189,2005-05-04 08:00:00
190,2005-05-05 08:00:00
191,2005-05-06 08:00:00
192,2005-05-07 08:00:00
193,2005-05-08 08:00:00
194,2005-05-09 08:00:00
195,2005-05-10 08:00:00
196,2005-05-11 08:00:00
197,2005-05-12 08:00:00
198,2005-05-13 08:00:00
199,2005-05-14 08:00:00
200,2005-05-15 08:00:00
201,2005-05-16 08:00:00
202,2005-05-17 08:00:00
203,2005-05-18 08:00:00
204,2005-05-19 08:00:00
205,2005-05-20 08:00:00
206,2005-05-21 08:00:00
207,2005-05-22 08:00:00
208,2005-05-23 08:00:00
209,2005-05-24 08:00:00
210,2005-05-25 08:00:00
211,2005-05-26 08:00:00
212,2005-05-27 08:00:00
213,2005-05-28 08:00:00
214,2005-05-29 08:00:00
215,2005-05-30 08:00:00
216,2005-05-31 08:00:00
955,2005-06-01 08:00:00
956,2005-06-02 08:00:00
957,2005-06-03 08:00:00
958,2005-06-04 08:00:00
959,2005-06-05 08:00:00
960,2005-06-06 08:00:00
961,2005-06-07 08:00:00
962,2005-06-08 08:00:00
963,2005-06-09 08:00:00
964,2005-06-10 08:00:00
965,2005-06-11 08:00:00
966,2005-06-12 08:00:00
967,2005-06-13 08:00:00
968,2005-06-14 08:00:00
969,2005-06-15 08:00:00
970,2005-06-16 08:00:00
971,2005-06-17 08:00:00
972,2005-06-18 08:00:00
973,2005-06-19 08:00:00
974,2005-06-20 08:00:00
975,2005-06-21 08:00:00
976,2005-06-22 08:00:00
977,2005-06-23 08:00:00
978,2005-06-24 08:00:00
979,2005-06-25 08:00:00
980,2005-06-26 08:00:00
981,2005-06-27 08:00:00
982,2005-06-28 08:00:00
983,2005-06-29 08:00:00
984,2005-06-30 08:00:00
1711,2005-07-01 08:00:00
1712,2005-07-02 08:00:00
1713,2005-07-03 08:00:00
1714,2005-07-04 08:00:00
1715,2005-07-05 08:00:00
1716,2005-07-06 08:00:00
1717,2005-07-07 08:00:00
1718,2005-07-08 08:00:00
1719,2005-07-09 08:00:00
1720,2005-07-10 08:00:00
1721,2005-07-11 08:00:00
1722,2005-07-12 08:00:00
1723,2005-07-13 08:00:00
1724,2005-07-14 08:00:00
1725,2005-07-15 08:00:00
1726,2005-07-16 08:00:00
1727,2005-07-17 08:00:00
1728,2005-07-18 08:00:00
1729,2005-07-19 08:00:00
1730,2005-07-20 08:00:00
1731,2005-07-21 08:00:00
1732,2005-07-22 08:00:00
1733,2005-07-23 08:00:00
1734,2005-07-24 08:00:00
1735,2005-07-25 08:00:00
1736,2005-07-26 08:00:00
1737,2005-07-27 08:00:00
1738,2005-07-28 08:00:00
1739,2005-07-29 08:00:00
1740,2005-07-30 08:00:00
1741,2005-07-31 08:00:00
2486,2005-08-01 08:00:00
2487,2005-08-02 08:00:00
2488,2005-08-03 08:00:00
2489,2005-08-04 08:00:00
2490,2005-08-05 08:00:00
2491,2005-08-06 08:00:00
2492,2005-08-07 08:00:00
2493,2005-08-08 08:00:00
2494,2005-08-09 08:00:00
2495,2005-08-10 08:00:00
2496,2005-08-11 08:00:00
2497,2005-08-12 08:00:00
2498,2005-08-13 08:00:00
2499,2005-08-14 08:00:00
2500,2005-08-15 08:00:00
2501,2005-08-16 08:00:00
2502,2005-08-17 08:00:00
2503,2005-08-18 08:00:00
2504,2005-08-19 08:00:00
2505,2005-08-20 08:00:00
2506,2005-08-21 08:00:00
2507,2005-08-22 08:00:00
2508,2005-08-23 08:00:00
2509,2005-08-24 08:00:00
2510,2005-08-25 08:00:00
2511,2005-08-26 08:00:00
2512,2005-08-27 08:00:00
2513,2005-08-28 08:00:00
2514,2005-08-29 08:00:00
2515,2005-08-30 08:00:00
2516,2005-08-31 08:00:00
3240,2005-09-01 08:00:00
3241,2005-09-02 08:00:00
3242,2005-09-03 08:00:00
3243,2005-09-04 08:00:00
3244,2005-09-05 08:00:00
3245,2005-09-06 08:00:00
3246,2005-09-07 08:00:00
3247,2005-09-08 08:00:00
3248,2005-09-09 08:00:00
3249,2005-09-10 08:00:00
3250,2005-09-11 08:00:00
3251,2005-09-12 08:00:00
3252,2005-09-13 08:00:00
3253,2005-09-14 08:00:00
3254,2005-09-15 08:00:00
3255,2005-09-16 08:00:00
3256,2005-09-17 08:00:00
3257,2005-09-18 08:00:00
3258,2005-09-19 08:00:00
3259,2005-09-20 08:00:00
3260,2005-09-21 08:00:00
3261,2005-09-22 08:00:00
3262,2005-09-23 08:00:00
3263,2005-09-24 08:00:00
3264,2005-09-25 08:00:00
3265,2005-09-26 08:00:00
3266,2005-09-27 08:00:00
3267,2005-09-28 08:00:00
3268,2005-09-29 08:00:00
3269,2005-09-30 08:00:00
217,2006-05-01 08:00:00
218,2006-05-02 08:00:00
219,2006-05-03 08:00:00
220,2006-05-04 08:00:00
221,2006-05-05 08:00:00
222,2006-05-06 08:00:00
223,2006-05-07 08:00:00
224,2006-05-08 08:00:00
225,2006-05-09 08:00:00
226,2006-05-10 08:00:00
227,2006-05-11 08:00:00
228,2006-05-12 08:00:00
229,2006-05-13 08:00:00
230,2006-05-14 08:00:00
231,2006-05-15 08:00:00
232,2006-05-16 08:00:00
233,2006-05-17 08:00:00
234,2006-05-18 08:00:00
235,2006-05-19 08:00:00
236,2006-05-20 08:00:00
237,2006-05-21 08:00:00
238,2006-05-22 08:00:00
239,2006-05-23 08:00:00
240,2006-05-24 08:00:00
241,2006-05-25 08:00:00
242,2006-05-26 08:00:00
243,2006-05-27 08:00:00
244,2006-05-28 08:00:00
245,2006-05-29 08:00:00
246,2006-05-30 08:00:00
247,2006-05-31 08:00:00
985,2006-06-01 08:00:00
986,2006-06-02 08:00:00
987,2006-06-03 08:00:00
988,2006-06-04 08:00:00
989,2006-06-05 08:00:00
990,2006-06-06 08:00:00
991,2006-06-07 08:00:00
992,2006-06-08 08:00:00
993,2006-06-09 08:00:00
994,2006-06-10 08:00:00
995,2006-06-11 08:00:00
996,2006-06-12 08:00:00
997,2006-06-13 08:00:00
998,2006-06-14 08:00:00
999,2006-06-15 08:00:00
1000,2006-06-16 08:00:00
1001,2006-06-17 08:00:00
1002,2006-06-18 08:00:00
1003,2006-06-19 08:00:00
1004,2006-06-20 08:00:00
1005,2006-06-21 08:00:00
1006,2006-06-22 08:00:00
1007,2006-06-23 08:00:00
1008,2006-06-24 08:00:00
1009,2006-06-25 08:00:00
1010,2006-06-26 08:00:00
1011,2006-06-27 08:00:00
1012,2006-06-28 08:00:00
1013,2006-06-29 08:00:00
1014,2006-06-30 08:00:00
1742,2006-07-01 08:00:00
1743,2006-07-02 08:00:00
1744,2006-07-03 08:00:00
1745,2006-07-04 08:00:00
1746,2006-07-05 08:00:00
1747,2006-07-06 08:00:00
1748,2006-07-07 08:00:00
1749,2006-07-08 08:00:00
1750,2006-07-09 08:00:00
1751,2006-07-10 08:00:00
1752,2006-07-11 08:00:00
1753,2006-07-12 08:00:00
1754,2006-07-13 08:00:00
1755,2006-07-14 08:00:00
1756,2006-07-15 08:00:00
1757,2006-07-16 08:00:00
1758,2006-07-17 08:00:00
1759,2006-07-18 08:00:00
1760,2006-07-19 08:00:00
1761,2006-07-20 08:00:00
1762,2006-07-21 08:00:00
1763,2006-07-22 08:00:00
1764,2006-07-23 08:00:00
1765,2006-07-24 08:00:00
1766,2006-07-25 08:00:00
1767,2006-07-26 08:00:00
1768,2006-07-27 08:00:00
1769,2006-07-28 08:00:00
1770,2006-07-29 08:00:00
1771,2006-07-30 08:00:00
1772,2006-07-31 08:00:00
2517,2006-08-01 08:00:00
2518,2006-08-02 08:00:00
2519,2006-08-03 08:00:00
2520,2006-08-04 08:00:00
2521,2006-08-05 08:00:00
2522,2006-08-06 08:00:00
2523,2006-08-07 08:00:00
2524,2006-08-08 08:00:00
2525,2006-08-09 08:00:00
2526,2006-08-10 08:00:00
2527,2006-08-11 08:00:00
2528,2006-08-12 08:00:00
2529,2006-08-13 08:00:00
2530,2006-08-14 08:00:00
2531,2006-08-15 08:00:00
2532,2006-08-16 08:00:00
2533,2006-08-17 08:00:00
2534,2006-08-18 08:00:00
2535,2006-08-19 08:00:00
2536,2006-08-20 08:00:00
2537,2006-08-21 08:00:00
2538,2006-08-22 08:00:00
2539,2006-08-23 08:00:00
2540,2006-08-24 08:00:00
2541,2006-08-25 08:00:00
2542,2006-08-26 08:00:00
2543,2006-08-27 08:00:00
2544,2006-08-28 08:00:00
2545,2006-08-29 08:00:00
2546,2006-08-30 08:00:00
2547,2006-08-31 08:00:00
3270,2006-09-01 08:00:00
3271,2006-09-02 08:00:00
3272,2006-09-03 08:00:00
3273,2006-09-04 08:00:00
3274,2006-09-05 08:00:00
3275,2006-09-06 08:00:00
3276,2006-09-07 08:00:00
3277,2006-09-08 08:00:00
3278,2006-09-09 08:00:00
3279,2006-09-10 08:00:00
3280,2006-09-11 08:00:00
3281,2006-09-12 08:00:00
3282,2006-09-13 08:00:00
3283,2006-09-14 08:00:00
3284,2006-09-15 08:00:00
3285,2006-09-16 08:00:00
3286,2006-09-17 08:00:00
3287,2006-09-18 08:00:00
3288,2006-09-19 08:00:00
3289,2006-09-20 08:00:00
3290,2006-09-21 08:00:00
3291,2006-09-22 08:00:00
3292,2006-09-23 08:00:00
3293,2006-09-24 08:00:00
3294,2006-09-25 08:00:00
3295,2006-09-26 08:00:00
3296,2006-09-27 08:00:00
3297,2006-09-28 08:00:00
3298,2006-09-29 08:00:00
3299,2006-09-30 08:00:00
248,2007-05-01 08:00:00
249,2007-05-02 08:00:00
250,2007-05-03 08:00:00
251,2007-05-04 08:00:00
252,2007-05-05 08:00:00
253,2007-05-06 08:00:00
254,2007-05-07 08:00:00
255,2007-05-08 08:00:00
256,2007-05-09 08:00:00
257,2007-05-10 08:00:00
258,2007-05-11 08:00:00
259,2007-05-12 08:00:00
260,2007-05-13 08:00:00
261,2007-05-14 08:00:00
262,2007-05-15 08:00:00
263,2007-05-16 08:00:00
264,2007-05-17 08:00:00
265,2007-05-18 08:00:00
266,2007-05-19 08:00:00
267,2007-05-20 08:00:00
268,2007-05-21 08:00:00
269,2007-05-22 08:00:00
270,2007-05-23 08:00:00
271,2007-05-24 08:00:00
272,2007-05-25 08:00:00
273,2007-05-26 08:00:00
274,2007-05-27 08:00:00
275,2007-05-28 08:00:00
276,2007-05-29 08:00:00
277,2007-05-30 08:00:00
278,2007-05-31 08:00:00
1015,2007-06-01 08:00:00
1016,2007-06-02 08:00:00
1017,2007-06-03 08:00:00
1018,2007-06-04 08:00:00
1019,2007-06-05 08:00:00
1020,2007-06-06 08:00:00
1021,2007-06-07 08:00:00
1022,2007-06-08 08:00:00
1023,2007-06-09 08:00:00
1024,2007-06-10 08:00:00
1025,2007-06-11 08:00:00
1026,2007-06-12 08:00:00
1027,2007-06-13 08:00:00
1028,2007-06-14 08:00:00
1029,2007-06-15 08:00:00
1030,2007-06-16 08:00:00
1031,2007-06-17 08:00:00
1032,2007-06-18 08:00:00
1033,2007-06-19 08:00:00
1034,2007-06-20 08:00:00
1035,2007-06-21 08:00:00
1036,2007-06-22 08:00:00
1037,2007-06-23 08:00:00
1038,2007-06-24 08:00:00
1039,2007-06-25 08:00:00
1040,2007-06-26 08:00:00
1041,2007-06-27 08:00:00
1042,2007-06-28 08:00:00
1043,2007-06-29 08:00:00
1044,2007-06-30 08:00:00
1773,2007-07-01 08:00:00
1774,2007-07-02 08:00:00
1775,2007-07-03 08:00:00
1776,2007-07-04 08:00:00
1777,2007-07-05 08:00:00
1778,2007-07-06 08:00:00
1779,2007-07-07 08:00:00
1780,2007-07-08 08:00:00
1781,2007-07-09 08:00:00
1782,2007-07-10 08:00:00
1783,2007-07-11 08:00:00
1784,2007-07-12 08:00:00
1785,2007-07-13 08:00:00
1786,2007-07-14 08:00:00
1787,2007-07-15 08:00:00
1788,2007-07-16 08:00:00
1789,2007-07-17 08:00:00
1790,2007-07-18 08:00:00
1791,2007-07-19 08:00:00
1792,2007-07-20 08:00:00
1793,2007-07-21 08:00:00
1794,2007-07-22 08:00:00
1795,2007-07-23 08:00:00
1796,2007-07-24 08:00:00
1797,2007-07-25 08:00:00
1798,2007-07-26 08:00:00
1799,2007-07-27 08:00:00
1800,2007-07-28 08:00:00
1801,2007-07-29 08:00:00
1802,2007-07-30 08:00:00
1803,2007-07-31 08:00:00
2548,2007-08-01 08:00:00
2549,2007-08-02 08:00:00
2550,2007-08-03 08:00:00
2551,2007-08-04 08:00:00
2552,2007-08-05 08:00:00
2553,2007-08-06 08:00:00
2554,2007-08-07 08:00:00
2555,2007-08-08 08:00:00
2556,2007-08-09 08:00:00
2557,2007-08-10 08:00:00
2558,2007-08-11 08:00:00
2559,2007-08-12 08:00:00
2560,2007-08-13 08:00:00
2561,2007-08-14 08:00:00
2562,2007-08-15 08:00:00
2563,2007-08-16 08:00:00
2564,2007-08-17 08:00:00
2565,2007-08-18 08:00:00
2566,2007-08-19 08:00:00
2567,2007-08-20 08:00:00
2568,2007-08-21 08:00:00
2569,2007-08-22 08:00:00
2570,2007-08-23 08:00:00
2571,2007-08-24 08:00:00
2572,2007-08-25 08:00:00
2573,2007-08-26 08:00:00
2574,2007-08-27 08:00:00
2575,2007-08-28 08:00:00
2576,2007-08-29 08:00:00
2577,2007-08-30 08:00:00
2578,2007-08-31 08:00:00
3300,2007-09-01 08:00:00
3301,2007-09-02 08:00:00
3302,2007-09-03 08:00:00
3303,2007-09-04 08:00:00
3304,2007-09-05 08:00:00
3305,2007-09-06 08:00:00
3306,2007-09-07 08:00:00
3307,2007-09-08 08:00:00
3308,2007-09-09 08:00:00
3309,2007-09-10 08:00:00
3310,2007-09-11 08:00:00
3311,2007-09-12 08:00:00
3312,2007-09-13 08:00:00
3313,2007-09-14 08:00:00
3314,2007-09-15 08:00:00
3315,2007-09-16 08:00:00
3316,2007-09-17 08:00:00
3317,2007-09-18 08:00:00
3318,2007-09-19 08:00:00
3319,2007-09-20 08:00:00
3320,2007-09-21 08:00:00
3321,2007-09-22 08:00:00
3322,2007-09-23 08:00:00
3323,2007-09-24 08:00:00
3324,2007-09-25 08:00:00
3325,2007-09-26 08:00:00
3326,2007-09-27 08:00:00
3327,2007-09-28 08:00:00
3328,2007-09-29 08:00:00
3329,2007-09-30 08:00:00
279,2008-05-01 08:00:00
280,2008-05-02 08:00:00
281,2008-05-03 08:00:00
282,2008-05-04 08:00:00
283,2008-05-05 08:00:00
284,2008-05-06 08:00:00
285,2008-05-07 08:00:00
286,2008-05-08 08:00:00
287,2008-05-09 08:00:00
288,2008-05-10 08:00:00
289,2008-05-11 08:00:00
290,2008-05-12 08:00:00
291,2008-05-13 08:00:00
292,2008-05-14 08:00:00
293,2008-05-15 08:00:00
294,2008-05-16 08:00:00
295,2008-05-17 08:00:00
296,2008-05-18 08:00:00
297,2008-05-19 08:00:00
298,2008-05-20 08:00:00
299,2008-05-21 08:00:00
300,2008-05-22 08:00:00
301,2008-05-23 08:00:00
302,2008-05-24 08:00:00
303,2008-05-25 08:00:00
304,2008-05-26 08:00:00
305,2008-05-27 08:00:00
306,2008-05-28 08:00:00
307,2008-05-29 08:00:00
308,2008-05-30 08:00:00
309,2008-05-31 08:00:00
1045,2008-06-01 08:00:00
1046,2008-06-02 08:00:00
1047,2008-06-03 08:00:00
1048,2008-06-04 08:00:00
1049,2008-06-05 08:00:00
1050,2008-06-06 08:00:00
1051,2008-06-07 08:00:00
1052,2008-06-08 08:00:00
1053,2008-06-09 08:00:00
1054,2008-06-10 08:00:00
1055,2008-06-11 08:00:00
1056,2008-06-12 08:00:00
1057,2008-06-13 08:00:00
1058,2008-06-14 08:00:00
1059,2008-06-15 08:00:00
1060,2008-06-16 08:00:00
1061,2008-06-17 08:00:00
1062,2008-06-18 08:00:00
1063,2008-06-19 08:00:00
1064,2008-06-20 08:00:00
1065,2008-06-21 08:00:00
1066,2008-06-22 08:00:00
1067,2008-06-23 08:00:00
1068,2008-06-24 08:00:00
1069,2008-06-25 08:00:00
1070,2008-06-26 08:00:00
1071,2008-06-27 08:00:00
1072,2008-06-28 08:00:00
1073,2008-06-29 08:00:00
1074,2008-06-30 08:00:00
1804,2008-07-01 08:00:00
1805,2008-07-02 08:00:00
1806,2008-07-03 08:00:00
1807,2008-07-04 08:00:00
1808,2008-07-05 08:00:00
1809,2008-07-06 08:00:00
1810,2008-07-07 08:00:00
1811,2008-07-08 08:00:00
1812,2008-07-09 08:00:00
1813,2008-07-10 08:00:00
1814,2008-07-11 08:00:00
1815,2008-07-12 08:00:00
1816,2008-07-13 08:00:00
1817,2008-07-14 08:00:00
1818,2008-07-15 08:00:00
1819,2008-07-16 08:00:00
1820,2008-07-17 08:00:00
1821,2008-07-18 08:00:00
1822,2008-07-19 08:00:00
1823,2008-07-20 08:00:00
1824,2008-07-21 08:00:00
1825,2008-07-22 08:00:00
1826,2008-07-23 08:00:00
1827,2008-07-24 08:00:00
1828,2008-07-25 08:00:00
1829,2008-07-26 08:00:00
1830,2008-07-27 08:00:00
1831,2008-07-28 08:00:00
1832,2008-07-29 08:00:00
1833,2008-07-30 08:00:00
1834,2008-07-31 08:00:00
2579,2008-08-01 08:00:00
2580,2008-08-02 08:00:00
2581,2008-08-03 08:00:00
2582,2008-08-04 08:00:00
2583,2008-08-05 08:00:00
2584,2008-08-06 08:00:00
2585,2008-08-07 08:00:00
2586,2008-08-08 08:00:00
2587,2008-08-09 08:00:00
2588,2008-08-10 08:00:00
2589,2008-08-11 08:00:00
2590,2008-08-12 08:00:00
2591,2008-08-13 08:00:00
2592,2008-08-14 08:00:00
2593,2008-08-15 08:00:00
2594,2008-08-16 08:00:00
2595,2008-08-17 08:00:00
2596,2008-08-18 08:00:00
2597,2008-08-19 08:00:00
2598,2008-08-20 08:00:00
2599,2008-08-21 08:00:00
2600,2008-08-22 08:00:00
2601,2008-08-23 08:00:00
2602,2008-08-24 08:00:00
2603,2008-08-25 08:00:00
2604,2008-08-26 08:00:00
2605,2008-08-27 08:00:00
2606,2008-08-28 08:00:00
2607,2008-08-29 08:00:00
2608,2008-08-30 08:00:00
2609,2008-08-31 08:00:00
3330,2008-09-01 08:00:00
3331,2008-09-02 08:00:00
3332,2008-09-03 08:00:00
3333,2008-09-04 08:00:00
3334,2008-09-05 08:00:00
3335,2008-09-06 08:00:00
3336,2008-09-07 08:00:00
3337,2008-09-08 08:00:00
3338,2008-09-09 08:00:00
3339,2008-09-10 08:00:00
3340,2008-09-11 08:00:00
3341,2008-09-12 08:00:00
3342,2008-09-13 08:00:00
3343,2008-09-14 08:00:00
3344,2008-09-15 08:00:00
3345,2008-09-16 08:00:00
3346,2008-09-17 08:00:00
3347,2008-09-18 08:00:00
3348,2008-09-19 08:00:00
3349,2008-09-20 08:00:00
3350,2008-09-21 08:00:00
3351,2008-09-22 08:00:00
3352,2008-09-23 08:00:00
3353,2008-09-24 08:00:00
3354,2008-09-25 08:00:00
3355,2008-09-26 08:00:00
3356,2008-09-27 08:00:00
3357,2008-09-28 08:00:00
3358,2008-09-29 08:00:00
3359,2008-09-30 08:00:00
310,2009-05-01 08:00:00
311,2009-05-02 08:00:00
312,2009-05-03 08:00:00
313,2009-05-04 08:00:00
314,2009-05-05 08:00:00
315,2009-05-06 08:00:00
316,2009-05-07 08:00:00
317,2009-05-08 08:00:00
318,2009-05-09 08:00:00
319,2009-05-10 08:00:00
320,2009-05-11 08:00:00
321,2009-05-12 08:00:00
322,2009-05-13 08:00:00
323,2009-05-14 08:00:00
324,2009-05-15 08:00:00
325,2009-05-16 08:00:00
326,2009-05-17 08:00:00
327,2009-05-18 08:00:00
328,2009-05-19 08:00:00
329,2009-05-20 08:00:00
330,2009-05-21 08:00:00
331,2009-05-22 08:00:00
332,2009-05-23 08:00:00
333,2009-05-24 08:00:00
334,2009-05-25 08:00:00
335,2009-05-26 08:00:00
336,2009-05-27 08:00:00
337,2009-05-28 08:00:00
338,2009-05-29 08:00:00
339,2009-05-30 08:00:00
340,2009-05-31 08:00:00
1075,2009-06-01 08:00:00
1076,2009-06-02 08:00:00
1077,2009-06-03 08:00:00
1078,2009-06-04 08:00:00
1079,2009-06-05 08:00:00
1080,2009-06-06 08:00:00
1081,2009-06-07 08:00:00
1082,2009-06-08 08:00:00
1083,2009-06-09 08:00:00
1084,2009-06-10 08:00:00
1085,2009-06-11 08:00:00
1086,2009-06-12 08:00:00
1087,2009-06-13 08:00:00
1088,2009-06-14 08:00:00
1089,2009-06-15 08:00:00
1090,2009-06-16 08:00:00
1091,2009-06-17 08:00:00
1092,2009-06-18 08:00:00
1093,2009-06-19 08:00:00
1094,2009-06-20 08:00:00
1095,2009-06-21 08:00:00
1096,2009-06-22 08:00:00
1097,2009-06-23 08:00:00
1098,2009-06-24 08:00:00
1099,2009-06-25 08:00:00
1100,2009-06-26 08:00:00
1101,2009-06-27 08:00:00
1102,2009-06-28 08:00:00
1103,2009-06-29 08:00:00
1104,2009-06-30 08:00:00
1835,2009-07-01 08:00:00
1836,2009-07-02 08:00:00
1837,2009-07-03 08:00:00
1838,2009-07-04 08:00:00
1839,2009-07-05 08:00:00
1840,2009-07-06 08:00:00
1841,2009-07-07 08:00:00
1842,2009-07-08 08:00:00
1843,2009-07-09 08:00:00
1844,2009-07-10 08:00:00
1845,2009-07-11 08:00:00
1846,2009-07-12 08:00:00
1847,2009-07-13 08:00:00
1848,2009-07-14 08:00:00
1849,2009-07-15 08:00:00
1850,2009-07-16 08:00:00
1851,2009-07-17 08:00:00
1852,2009-07-18 08:00:00
1853,2009-07-19 08:00:00
1854,2009-07-20 08:00:00
1855,2009-07-21 08:00:00
1856,2009-07-22 08:00:00
1857,2009-07-23 08:00:00
1858,2009-07-24 08:00:00
1859,2009-07-25 08:00:00
1860,2009-07-26 08:00:00
1861,2009-07-27 08:00:00
1862,2009-07-28 08:00:00
1863,2009-07-29 08:00:00
1864,2009-07-30 08:00:00
1865,2009-07-31 08:00:00
2610,2009-08-01 08:00:00
2611,2009-08-02 08:00:00
2612,2009-08-03 08:00:00
2613,2009-08-04 08:00:00
2614,2009-08-05 08:00:00
2615,2009-08-06 08:00:00
2616,2009-08-07 08:00:00
2617,2009-08-08 08:00:00
2618,2009-08-09 08:00:00
2619,2009-08-10 08:00:00
2620,2009-08-11 08:00:00
2621,2009-08-12 08:00:00
2622,2009-08-13 08:00:00
2623,2009-08-14 08:00:00
2624,2009-08-15 08:00:00
2625,2009-08-16 08:00:00
2626,2009-08-17 08:00:00
2627,2009-08-18 08:00:00
2628,2009-08-19 08:00:00
2629,2009-08-20 08:00:00
2630,2009-08-21 08:00:00
2631,2009-08-22 08:00:00
2632,2009-08-23 08:00:00
2633,2009-08-24 08:00:00
2634,2009-08-25 08:00:00
2635,2009-08-26 08:00:00
2636,2009-08-27 08:00:00
2637,2009-08-28 08:00:00
2638,2009-08-29 08:00:00
2639,2009-08-30 08:00:00
2640,2009-08-31 08:00:00
3360,2009-09-01 08:00:00
3361,2009-09-02 08:00:00
3362,2009-09-03 08:00:00
3363,2009-09-04 08:00:00
3364,2009-09-05 08:00:00
3365,2009-09-06 08:00:00
3366,2009-09-07 08:00:00
3367,2009-09-08 08:00:00
3368,2009-09-09 08:00:00
3369,2009-09-10 08:00:00
3370,2009-09-11 08:00:00
3371,2009-09-12 08:00:00
3372,2009-09-13 08:00:00
3373,2009-09-14 08:00:00
3374,2009-09-15 08:00:00
3375,2009-09-16 08:00:00
3376,2009-09-17 08:00:00
3377,2009-09-18 08:00:00
3378,2009-09-19 08:00:00
3379,2009-09-20 08:00:00
3380,2009-09-21 08:00:00
3381,2009-09-22 08:00:00
3382,2009-09-23 08:00:00
3383,2009-09-24 08:00:00
3384,2009-09-25 08:00:00
3385,2009-09-26 08:00:00
3386,2009-09-27 08:00:00
3387,2009-09-28 08:00:00
3388,2009-09-29 08:00:00
3389,2009-09-30 08:00:00
341,2010-05-01 08:00:00
342,2010-05-02 08:00:00
343,2010-05-03 08:00:00
344,2010-05-04 08:00:00
345,2010-05-05 08:00:00
346,2010-05-06 08:00:00
347,2010-05-07 08:00:00
348,2010-05-08 08:00:00
349,2010-05-09 08:00:00
350,2010-05-10 08:00:00
351,2010-05-11 08:00:00
352,2010-05-12 08:00:00
353,2010-05-13 08:00:00
354,2010-05-14 08:00:00
355,2010-05-15 08:00:00
356,2010-05-16 08:00:00
357,2010-05-17 08:00:00
358,2010-05-18 08:00:00
359,2010-05-19 08:00:00
360,2010-05-20 08:00:00
361,2010-05-21 08:00:00
362,2010-05-22 08:00:00
363,2010-05-23 08:00:00
364,2010-05-24 08:00:00
365,2010-05-25 08:00:00
366,2010-05-26 08:00:00
367,2010-05-27 08:00:00
368,2010-05-28 08:00:00
369,2010-05-29 08:00:00
370,2010-05-30 08:00:00
371,2010-05-31 08:00:00
1105,2010-06-01 08:00:00
1106,2010-06-02 08:00:00
1107,2010-06-03 08:00:00
1108,2010-06-04 08:00:00
1109,2010-06-05 08:00:00
1110,2010-06-06 08:00:00
1111,2010-06-07 08:00:00
1112,2010-06-08 08:00:00
1113,2010-06-09 08:00:00
1114,2010-06-10 08:00:00
1115,2010-06-11 08:00:00
1116,2010-06-12 08:00:00
1117,2010-06-13 08:00:00
1118,2010-06-14 08:00:00
1119,2010-06-15 08:00:00
1120,2010-06-16 08:00:00
1121,2010-06-17 08:00:00
1122,2010-06-18 08:00:00
1123,2010-06-19 08:00:00
1124,2010-06-20 08:00:00
1125,2010-06-21 08:00:00
1126,2010-06-22 08:00:00
1127,2010-06-23 08:00:00
1128,2010-06-24 08:00:00
1129,2010-06-25 08:00:00
1130,2010-06-26 08:00:00
1131,2010-06-27 08:00:00
1132,2010-06-28 08:00:00
1133,2010-06-29 08:00:00
1134,2010-06-30 08:00:00
1866,2010-07-01 08:00:00
1867,2010-07-02 08:00:00
1868,2010-07-03 08:00:00
1869,2010-07-04 08:00:00
1870,2010-07-05 08:00:00
1871,2010-07-06 08:00:00
1872,2010-07-07 08:00:00
1873,2010-07-08 08:00:00
1874,2010-07-09 08:00:00
1875,2010-07-10 08:00:00
1876,2010-07-11 08:00:00
1877,2010-07-12 08:00:00
1878,2010-07-13 08:00:00
1879,2010-07-14 08:00:00
1880,2010-07-15 08:00:00
1881,2010-07-16 08:00:00
1882,2010-07-17 08:00:00
1883,2010-07-18 08:00:00
1884,2010-07-19 08:00:00
1885,2010-07-20 08:00:00
1886,2010-07-21 08:00:00
1887,2010-07-22 08:00:00
1888,2010-07-23 08:00:00
1889,2010-07-24 08:00:00
1890,2010-07-25 08:00:00
1891,2010-07-26 08:00:00
1892,2010-07-27 08:00:00
1893,2010-07-28 08:00:00
1894,2010-07-29 08:00:00
1895,2010-07-30 08:00:00
1896,2010-07-31 08:00:00
2641,2010-08-01 08:00:00
2642,2010-08-02 08:00:00
2643,2010-08-03 08:00:00
2644,2010-08-04 08:00:00
2645,2010-08-05 08:00:00
2646,2010-08-06 08:00:00
2647,2010-08-07 08:00:00
2648,2010-08-08 08:00:00
2649,2010-08-09 08:00:00
2650,2010-08-10 08:00:00
2651,2010-08-11 08:00:00
2652,2010-08-12 08:00:00
2653,2010-08-13 08:00:00
2654,2010-08-14 08:00:00
2655,2010-08-15 08:00:00
2656,2010-08-16 08:00:00
2657,2010-08-17 08:00:00
2658,2010-08-18 08:00:00
2659,2010-08-19 08:00:00
2660,2010-08-20 08:00:00
2661,2010-08-21 08:00:00
2662,2010-08-22 08:00:00
2663,2010-08-23 08:00:00
2664,2010-08-24 08:00:00
2665,2010-08-25 08:00:00
2666,2010-08-26 08:00:00
2667,2010-08-27 08:00:00
2668,2010-08-28 08:00:00
2669,2010-08-29 08:00:00
2670,2010-08-30 08:00:00
2671,2010-08-31 08:00:00
3390,2010-09-01 08:00:00
3391,2010-09-02 08:00:00
3392,2010-09-03 08:00:00
3393,2010-09-04 08:00:00
3394,2010-09-05 08:00:00
3395,2010-09-06 08:00:00
3396,2010-09-07 08:00:00
3397,2010-09-08 08:00:00
3398,2010-09-09 08:00:00
3399,2010-09-10 08:00:00
3400,2010-09-11 08:00:00
3401,2010-09-12 08:00:00
3402,2010-09-13 08:00:00
3403,2010-09-14 08:00:00
3404,2010-09-15 08:00:00
3405,2010-09-16 08:00:00
3406,2010-09-17 08:00:00
3407,2010-09-18 08:00:00
3408,2010-09-19 08:00:00
3409,2010-09-20 08:00:00
3410,2010-09-21 08:00:00
3411,2010-09-22 08:00:00
3412,2010-09-23 08:00:00
3413,2010-09-24 08:00:00
3414,2010-09-25 08:00:00
3415,2010-09-26 08:00:00
3416,2010-09-27 08:00:00
3417,2010-09-28 08:00:00
3418,2010-09-29 08:00:00
3419,2010-09-30 08:00:00
372,2011-05-01 08:00:00
373,2011-05-02 08:00:00
374,2011-05-03 08:00:00
375,2011-05-04 08:00:00
376,2011-05-05 08:00:00
377,2011-05-06 08:00:00
378,2011-05-07 08:00:00
379,2011-05-08 08:00:00
380,2011-05-09 08:00:00
381,2011-05-10 08:00:00
382,2011-05-11 08:00:00
383,2011-05-12 08:00:00
384,2011-05-13 08:00:00
385,2011-05-14 08:00:00
386,2011-05-15 08:00:00
387,2011-05-16 08:00:00
388,2011-05-17 08:00:00
389,2011-05-18 08:00:00
390,2011-05-19 08:00:00
391,2011-05-20 08:00:00
392,2011-05-21 08:00:00
393,2011-05-22 08:00:00
394,2011-05-23 08:00:00
395,2011-05-24 08:00:00
396,2011-05-25 08:00:00
397,2011-05-26 08:00:00
398,2011-05-27 08:00:00
399,2011-05-28 08:00:00
400,2011-05-29 08:00:00
401,2011-05-30 08:00:00
402,2011-05-31 08:00:00
1135,2011-06-01 08:00:00
1136,2011-06-02 08:00:00
1137,2011-06-03 08:00:00
1138,2011-06-04 08:00:00
1139,2011-06-05 08:00:00
1140,2011-06-06 08:00:00
1141,2011-06-07 08:00:00
1142,2011-06-08 08:00:00
1143,2011-06-09 08:00:00
1144,2011-06-10 08:00:00
1145,2011-06-11 08:00:00
1146,2011-06-12 08:00:00
1147,2011-06-13 08:00:00
1148,2011-06-14 08:00:00
1149,2011-06-15 08:00:00
1150,2011-06-16 08:00:00
1151,2011-06-17 08:00:00
1152,2011-06-18 08:00:00
1153,2011-06-19 08:00:00
1154,2011-06-20 08:00:00
1155,2011-06-21 08:00:00
1156,2011-06-22 08:00:00
1157,2011-06-23 08:00:00
1158,2011-06-24 08:00:00
1159,2011-06-25 08:00:00
1160,2011-06-26 08:00:00
1161,2011-06-27 08:00:00
1162,2011-06-28 08:00:00
1163,2011-06-29 08:00:00
1164,2011-06-30 08:00:00
1897,2011-07-01 08:00:00
1898,2011-07-02 08:00:00
1899,2011-07-03 08:00:00
1900,2011-07-04 08:00:00
1901,2011-07-05 08:00:00
1902,2011-07-06 08:00:00
1903,2011-07-07 08:00:00
1904,2011-07-08 08:00:00
1905,2011-07-09 08:00:00
1906,2011-07-10 08:00:00
1907,2011-07-11 08:00:00
1908,2011-07-12 08:00:00
1909,2011-07-13 08:00:00
1910,2011-07-14 08:00:00
1911,2011-07-15 08:00:00
1912,2011-07-16 08:00:00
1913,2011-07-17 08:00:00
1914,2011-07-18 08:00:00
1915,2011-07-19 08:00:00
1916,2011-07-20 08:00:00
1917,2011-07-21 08:00:00
1918,2011-07-22 08:00:00
1919,2011-07-23 08:00:00
1920,2011-07-24 08:00:00
1921,2011-07-25 08:00:00
1922,2011-07-26 08:00:00
1923,2011-07-27 08:00:00
1924,2011-07-28 08:00:00
1925,2011-07-29 08:00:00
1926,2011-07-30 08:00:00
1927,2011-07-31 08:00:00
2672,2011-08-01 08:00:00
2673,2011-08-02 08:00:00
2674,2011-08-03 08:00:00
2675,2011-08-04 08:00:00
2676,2011-08-05 08:00:00
2677,2011-08-06 08:00:00
2678,2011-08-07 08:00:00
2679,2011-08-08 08:00:00
2680,2011-08-09 08:00:00
2681,2011-08-10 08:00:00
2682,2011-08-11 08:00:00
2683,2011-08-12 08:00:00
2684,2011-08-13 08:00:00
2685,2011-08-14 08:00:00
2686,2011-08-15 08:00:00
2687,2011-08-16 08:00:00
2688,2011-08-17 08:00:00
2689,2011-08-18 08:00:00
2690,2011-08-19 08:00:00
2691,2011-08-20 08:00:00
2692,2011-08-21 08:00:00
2693,2011-08-22 08:00:00
2694,2011-08-23 08:00:00
2695,2011-08-24 08:00:00
2696,2011-08-25 08:00:00
2697,2011-08-26 08:00:00
2698,2011-08-27 08:00:00
2699,2011-08-28 08:00:00
2700,2011-08-29 08:00:00
2701,2011-08-30 08:00:00
2702,2011-08-31 08:00:00
3420,2011-09-01 08:00:00
3421,2011-09-02 08:00:00
3422,2011-09-03 08:00:00
3423,2011-09-04 08:00:00
3424,2011-09-05 08:00:00
3425,2011-09-06 08:00:00
3426,2011-09-07 08:00:00
3427,2011-09-08 08:00:00
3428,2011-09-09 08:00:00
3429,2011-09-10 08:00:00
3430,2011-09-11 08:00:00
3431,2011-09-12 08:00:00
3432,2011-09-13 08:00:00
3433,2011-09-14 08:00:00
3434,2011-09-15 08:00:00
3435,2011-09-16 08:00:00
3436,2011-09-17 08:00:00
3437,2011-09-18 08:00:00
3438,2011-09-19 08:00:00
3439,2011-09-20 08:00:00
3440,2011-09-21 08:00:00
3441,2011-09-22 08:00:00
3442,2011-09-23 08:00:00
3443,2011-09-24 08:00:00
3444,2011-09-25 08:00:00
3445,2011-09-26 08:00:00
3446,2011-09-27 08:00:00
3447,2011-09-28 08:00:00
3448,2011-09-29 08:00:00
3449,2011-09-30 08:00:00
403,2012-05-01 08:00:00
404,2012-05-02 08:00:00
405,2012-05-03 08:00:00
406,2012-05-04 08:00:00
407,2012-05-05 08:00:00
408,2012-05-06 08:00:00
409,2012-05-07 08:00:00
410,2012-05-08 08:00:00
411,2012-05-09 08:00:00
412,2012-05-10 08:00:00
413,2012-05-11 08:00:00
414,2012-05-12 08:00:00
415,2012-05-13 08:00:00
416,2012-05-14 08:00:00
417,2012-05-15 08:00:00
418,2012-05-16 08:00:00
419,2012-05-17 08:00:00
420,2012-05-18 08:00:00
421,2012-05-19 08:00:00
422,2012-05-20 08:00:00
423,2012-05-21 08:00:00
424,2012-05-22 08:00:00
425,2012-05-23 08:00:00
426,2012-05-24 08:00:00
427,2012-05-25 08:00:00
428,2012-05-26 08:00:00
429,2012-05-27 08:00:00
430,2012-05-28 08:00:00
431,2012-05-29 08:00:00
432,2012-05-30 08:00:00
433,2012-05-31 08:00:00
1165,2012-06-01 08:00:00
1166,2012-06-02 08:00:00
1167,2012-06-03 08:00:00
1168,2012-06-04 08:00:00
1169,2012-06-05 08:00:00
1170,2012-06-06 08:00:00
1171,2012-06-07 08:00:00
1172,2012-06-08 08:00:00
1173,2012-06-09 08:00:00
1174,2012-06-10 08:00:00
1175,2012-06-11 08:00:00
1176,2012-06-12 08:00:00
1177,2012-06-13 08:00:00
1178,2012-06-14 08:00:00
1179,2012-06-15 08:00:00
1180,2012-06-16 08:00:00
1181,2012-06-17 08:00:00
1182,2012-06-18 08:00:00
1183,2012-06-19 08:00:00
1184,2012-06-20 08:00:00
1185,2012-06-21 08:00:00
1186,2012-06-22 08:00:00
1187,2012-06-23 08:00:00
1188,2012-06-24 08:00:00
1189,2012-06-25 08:00:00
1190,2012-06-26 08:00:00
1191,2012-06-27 08:00:00
1192,2012-06-28 08:00:00
1193,2012-06-29 08:00:00
1194,2012-06-30 08:00:00
1928,2012-07-01 08:00:00
1929,2012-07-02 08:00:00
1930,2012-07-03 08:00:00
1931,2012-07-04 08:00:00
1932,2012-07-05 08:00:00
1933,2012-07-06 08:00:00
1934,2012-07-07 08:00:00
1935,2012-07-08 08:00:00
1936,2012-07-09 08:00:00
1937,2012-07-10 08:00:00
1938,2012-07-11 08:00:00
1939,2012-07-12 08:00:00
1940,2012-07-13 08:00:00
1941,2012-07-14 08:00:00
1942,2012-07-15 08:00:00
1943,2012-07-16 08:00:00
1944,2012-07-17 08:00:00
1945,2012-07-18 08:00:00
1946,2012-07-19 08:00:00
1947,2012-07-20 08:00:00
1948,2012-07-21 08:00:00
1949,2012-07-22 08:00:00
1950,2012-07-23 08:00:00
1951,2012-07-24 08:00:00
1952,2012-07-25 08:00:00
1953,2012-07-26 08:00:00
1954,2012-07-27 08:00:00
1955,2012-07-28 08:00:00
1956,2012-07-29 08:00:00
1957,2012-07-30 08:00:00
1958,2012-07-31 08:00:00
2703,2012-08-01 08:00:00
2704,2012-08-02 08:00:00
2705,2012-08-03 08:00:00
2706,2012-08-04 08:00:00
2707,2012-08-05 08:00:00
2708,2012-08-06 08:00:00
2709,2012-08-07 08:00:00
2710,2012-08-08 08:00:00
2711,2012-08-09 08:00:00
2712,2012-08-10 08:00:00
2713,2012-08-11 08:00:00
2714,2012-08-12 08:00:00
2715,2012-08-13 08:00:00
2716,2012-08-14 08:00:00
2717,2012-08-15 08:00:00
2718,2012-08-16 08:00:00
2719,2012-08-17 08:00:00
2720,2012-08-18 08:00:00
2721,2012-08-19 08:00:00
2722,2012-08-20 08:00:00
2723,2012-08-21 08:00:00
2724,2012-08-22 08:00:00
2725,2012-08-23 08:00:00
2726,2012-08-24 08:00:00
2727,2012-08-25 08:00:00
2728,2012-08-26 08:00:00
2729,2012-08-27 08:00:00
2730,2012-08-28 08:00:00
2731,2012-08-29 08:00:00
2732,2012-08-30 08:00:00
2733,2012-08-31 08:00:00
3450,2012-09-01 08:00:00
3451,2012-09-02 08:00:00
3452,2012-09-03 08:00:00
3453,2012-09-04 08:00:00
3454,2012-09-05 08:00:00
3455,2012-09-06 08:00:00
3456,2012-09-07 08:00:00
3457,2012-09-08 08:00:00
3458,2012-09-09 08:00:00
3459,2012-09-10 08:00:00
3460,2012-09-11 08:00:00
3461,2012-09-12 08:00:00
3462,2012-09-13 08:00:00
3463,2012-09-14 08:00:00
3464,2012-09-15 08:00:00
3465,2012-09-16 08:00:00
3466,2012-09-17 08:00:00
3467,2012-09-18 08:00:00
3468,2012-09-19 08:00:00
3469,2012-09-20 08:00:00
3470,2012-09-21 08:00:00
3471,2012-09-22 08:00:00
3472,2012-09-23 08:00:00
3473,2012-09-24 08:00:00
3474,2012-09-25 08:00:00
3475,2012-09-26 08:00:00
3476,2012-09-27 08:00:00
3477,2012-09-28 08:00:00
3478,2012-09-29 08:00:00
3479,2012-09-30 08:00:00
434,2013-05-01 08:00:00
435,2013-05-02 08:00:00
436,2013-05-03 08:00:00
437,2013-05-04 08:00:00
438,2013-05-05 08:00:00
439,2013-05-06 08:00:00
440,2013-05-07 08:00:00
441,2013-05-08 08:00:00
442,2013-05-09 08:00:00
443,2013-05-10 08:00:00
444,2013-05-11 08:00:00
445,2013-05-12 08:00:00
446,2013-05-13 08:00:00
447,2013-05-14 08:00:00
448,2013-05-15 08:00:00
449,2013-05-16 08:00:00
450,2013-05-17 08:00:00
451,2013-05-18 08:00:00
452,2013-05-19 08:00:00
453,2013-05-20 08:00:00
454,2013-05-21 08:00:00
455,2013-05-22 08:00:00
456,2013-05-23 08:00:00
457,2013-05-24 08:00:00
458,2013-05-25 08:00:00
459,2013-05-26 08:00:00
460,2013-05-27 08:00:00
461,2013-05-28 08:00:00
462,2013-05-29 08:00:00
463,2013-05-30 08:00:00
464,2013-05-31 08:00:00
1195,2013-06-01 08:00:00
1196,2013-06-02 08:00:00
1197,2013-06-03 08:00:00
1198,2013-06-04 08:00:00
1199,2013-06-05 08:00:00
1200,2013-06-06 08:00:00
1201,2013-06-07 08:00:00
1202,2013-06-08 08:00:00
1203,2013-06-09 08:00:00
1204,2013-06-10 08:00:00
1205,2013-06-11 08:00:00
1206,2013-06-12 08:00:00
1207,2013-06-13 08:00:00
1208,2013-06-14 08:00:00
1209,2013-06-15 08:00:00
1210,2013-06-16 08:00:00
1211,2013-06-17 08:00:00
1212,2013-06-18 08:00:00
1213,2013-06-19 08:00:00
1214,2013-06-20 08:00:00
1215,2013-06-21 08:00:00
1216,2013-06-22 08:00:00
1217,2013-06-23 08:00:00
1218,2013-06-24 08:00:00
1219,2013-06-25 08:00:00
1220,2013-06-26 08:00:00
1221,2013-06-27 08:00:00
1222,2013-06-28 08:00:00
1223,2013-06-29 08:00:00
1224,2013-06-30 08:00:00
1959,2013-07-01 08:00:00
1960,2013-07-02 08:00:00
1961,2013-07-03 08:00:00
1962,2013-07-04 08:00:00
1963,2013-07-05 08:00:00
1964,2013-07-06 08:00:00
1965,2013-07-07 08:00:00
1966,2013-07-08 08:00:00
1967,2013-07-09 08:00:00
1968,2013-07-10 08:00:00
1969,2013-07-11 08:00:00
1970,2013-07-12 08:00:00
1971,2013-07-13 08:00:00
1972,2013-07-14 08:00:00
1973,2013-07-15 08:00:00
1974,2013-07-16 08:00:00
1975,2013-07-17 08:00:00
1976,2013-07-18 08:00:00
1977,2013-07-19 08:00:00
1978,2013-07-20 08:00:00
1979,2013-07-21 08:00:00
1980,2013-07-22 08:00:00
1981,2013-07-23 08:00:00
1982,2013-07-24 08:00:00
1983,2013-07-25 08:00:00
1984,2013-07-26 08:00:00
1985,2013-07-27 08:00:00
1986,2013-07-28 08:00:00
1987,2013-07-29 08:00:00
1988,2013-07-30 08:00:00
1989,2013-07-31 08:00:00
2734,2013-08-01 08:00:00
2735,2013-08-02 08:00:00
2736,2013-08-03 08:00:00
2737,2013-08-04 08:00:00
2738,2013-08-05 08:00:00
2739,2013-08-06 08:00:00
2740,2013-08-07 08:00:00
2741,2013-08-08 08:00:00
2742,2013-08-09 08:00:00
2743,2013-08-10 08:00:00
2744,2013-08-11 08:00:00
2745,2013-08-12 08:00:00
2746,2013-08-13 08:00:00
2747,2013-08-14 08:00:00
2748,2013-08-15 08:00:00
2749,2013-08-16 08:00:00
2750,2013-08-17 08:00:00
2751,2013-08-18 08:00:00
2752,2013-08-19 08:00:00
2753,2013-08-20 08:00:00
2754,2013-08-21 08:00:00
2755,2013-08-22 08:00:00
2756,2013-08-23 08:00:00
2757,2013-08-24 08:00:00
2758,2013-08-25 08:00:00
2759,2013-08-26 08:00:00
2760,2013-08-27 08:00:00
2761,2013-08-28 08:00:00
2762,2013-08-29 08:00:00
2763,2013-08-30 08:00:00
2764,2013-08-31 08:00:00
3480,2013-09-01 08:00:00
3481,2013-09-02 08:00:00
3482,2013-09-03 08:00:00
3483,2013-09-04 08:00:00
3484,2013-09-05 08:00:00
3485,2013-09-06 08:00:00
3486,2013-09-07 08:00:00
3487,2013-09-08 08:00:00
3488,2013-09-09 08:00:00
3489,2013-09-10 08:00:00
3490,2013-09-11 08:00:00
3491,2013-09-12 08:00:00
3492,2013-09-13 08:00:00
3493,2013-09-14 08:00:00
3494,2013-09-15 08:00:00
3495,2013-09-16 08:00:00
3496,2013-09-17 08:00:00
3497,2013-09-18 08:00:00
3498,2013-09-19 08:00:00
3499,2013-09-20 08:00:00
3500,2013-09-21 08:00:00
3501,2013-09-22 08:00:00
3502,2013-09-23 08:00:00
3503,2013-09-24 08:00:00
3504,2013-09-25 08:00:00
3505,2013-09-26 08:00:00
3506,2013-09-27 08:00:00
3507,2013-09-28 08:00:00
3508,2013-09-29 08:00:00
3509,2013-09-30 08:00:00
465,2014-05-01 08:00:00
466,2014-05-02 08:00:00
467,2014-05-03 08:00:00
468,2014-05-04 08:00:00
469,2014-05-05 08:00:00
470,2014-05-06 08:00:00
471,2014-05-07 08:00:00
472,2014-05-08 08:00:00
473,2014-05-09 08:00:00
474,2014-05-10 08:00:00
475,2014-05-11 08:00:00
476,2014-05-12 08:00:00
477,2014-05-13 08:00:00
478,2014-05-14 08:00:00
479,2014-05-15 08:00:00
480,2014-05-16 08:00:00
481,2014-05-17 08:00:00
482,2014-05-18 08:00:00
483,2014-05-19 08:00:00
484,2014-05-20 08:00:00
485,2014-05-21 08:00:00
486,2014-05-22 08:00:00
487,2014-05-23 08:00:00
488,2014-05-24 08:00:00
489,2014-05-25 08:00:00
490,2014-05-26 08:00:00
491,2014-05-27 08:00:00
492,2014-05-28 08:00:00
493,2014-05-29 08:00:00
494,2014-05-30 08:00:00
495,2014-05-31 08:00:00
1225,2014-06-01 08:00:00
1226,2014-06-02 08:00:00
1227,2014-06-03 08:00:00
1228,2014-06-04 08:00:00
1229,2014-06-05 08:00:00
1230,2014-06-06 08:00:00
1231,2014-06-07 08:00:00
1232,2014-06-08 08:00:00
1233,2014-06-09 08:00:00
1234,2014-06-10 08:00:00
1235,2014-06-11 08:00:00
1236,2014-06-12 08:00:00
1237,2014-06-13 08:00:00
1238,2014-06-14 08:00:00
1239,2014-06-15 08:00:00
1240,2014-06-16 08:00:00
1241,2014-06-17 08:00:00
1242,2014-06-18 08:00:00
1243,2014-06-19 08:00:00
1244,2014-06-20 08:00:00
1245,2014-06-21 08:00:00
1246,2014-06-22 08:00:00
1247,2014-06-23 08:00:00
1248,2014-06-24 08:00:00
1249,2014-06-25 08:00:00
1250,2014-06-26 08:00:00
1251,2014-06-27 08:00:00
1252,2014-06-28 08:00:00
1253,2014-06-29 08:00:00
1254,2014-06-30 08:00:00
1990,2014-07-01 08:00:00
1991,2014-07-02 08:00:00
1992,2014-07-03 08:00:00
1993,2014-07-04 08:00:00
1994,2014-07-05 08:00:00
1995,2014-07-06 08:00:00
1996,2014-07-07 08:00:00
1997,2014-07-08 08:00:00
1998,2014-07-09 08:00:00
1999,2014-07-10 08:00:00
2000,2014-07-11 08:00:00
2001,2014-07-12 08:00:00
2002,2014-07-13 08:00:00
2003,2014-07-14 08:00:00
2004,2014-07-15 08:00:00
2005,2014-07-16 08:00:00
2006,2014-07-17 08:00:00
2007,2014-07-18 08:00:00
2008,2014-07-19 08:00:00
2009,2014-07-20 08:00:00
2010,2014-07-21 08:00:00
2011,2014-07-22 08:00:00
2012,2014-07-23 08:00:00
2013,2014-07-24 08:00:00
2014,2014-07-25 08:00:00
2015,2014-07-26 08:00:00
2016,2014-07-27 08:00:00
2017,2014-07-28 08:00:00
2018,2014-07-29 08:00:00
2019,2014-07-30 08:00:00
2020,2014-07-31 08:00:00
2765,2014-08-01 08:00:00
2766,2014-08-02 08:00:00
2767,2014-08-03 08:00:00
2768,2014-08-04 08:00:00
2769,2014-08-05 08:00:00
2770,2014-08-06 08:00:00
2771,2014-08-07 08:00:00
2772,2014-08-08 08:00:00
2773,2014-08-09 08:00:00
2774,2014-08-10 08:00:00
2775,2014-08-11 08:00:00
2776,2014-08-12 08:00:00
2777,2014-08-13 08:00:00
2778,2014-08-14 08:00:00
2779,2014-08-15 08:00:00
2780,2014-08-16 08:00:00
2781,2014-08-17 08:00:00
2782,2014-08-18 08:00:00
2783,2014-08-19 08:00:00
2784,2014-08-20 08:00:00
2785,2014-08-21 08:00:00
2786,2014-08-22 08:00:00
2787,2014-08-23 08:00:00
2788,2014-08-24 08:00:00
2789,2014-08-25 08:00:00
2790,2014-08-26 08:00:00
2791,2014-08-27 08:00:00
2792,2014-08-28 08:00:00
2793,2014-08-29 08:00:00
2794,2014-08-30 08:00:00
2795,2014-08-31 08:00:00
3510,2014-09-01 08:00:00
3511,2014-09-02 08:00:00
3512,2014-09-03 08:00:00
3513,2014-09-04 08:00:00
3514,2014-09-05 08:00:00
3515,2014-09-06 08:00:00
3516,2014-09-07 08:00:00
3517,2014-09-08 08:00:00
3518,2014-09-09 08:00:00
3519,2014-09-10 08:00:00
3520,2014-09-11 08:00:00
3521,2014-09-12 08:00:00
3522,2014-09-13 08:00:00
3523,2014-09-14 08:00:00
3524,2014-09-15 08:00:00
3525,2014-09-16 08:00:00
3526,2014-09-17 08:00:00
3527,2014-09-18 08:00:00
3528,2014-09-19 08:00:00
3529,2014-09-20 08:00:00
3530,2014-09-21 08:00:00
3531,2014-09-22 08:00:00
3532,2014-09-23 08:00:00
3533,2014-09-24 08:00:00
3534,2014-09-25 08:00:00
3535,2014-09-26 08:00:00
3536,2014-09-27 08:00:00
3537,2014-09-28 08:00:00
3538,2014-09-29 08:00:00
3539,2014-09-30 08:00:00
496,2015-05-01 08:00:00
497,2015-05-02 08:00:00
498,2015-05-03 08:00:00
499,2015-05-04 08:00:00
500,2015-05-05 08:00:00
501,2015-05-06 08:00:00
502,2015-05-07 08:00:00
503,2015-05-08 08:00:00
504,2015-05-09 08:00:00
505,2015-05-10 08:00:00
506,2015-05-11 08:00:00
507,2015-05-12 08:00:00
508,2015-05-13 08:00:00
509,2015-05-14 08:00:00
510,2015-05-15 08:00:00
511,2015-05-16 08:00:00
512,2015-05-17 08:00:00
513,2015-05-18 08:00:00
514,2015-05-19 08:00:00
515,2015-05-20 08:00:00
516,2015-05-21 08:00:00
517,2015-05-22 08:00:00
518,2015-05-23 08:00:00
519,2015-05-24 08:00:00
520,2015-05-25 08:00:00
521,2015-05-26 08:00:00
522,2015-05-27 08:00:00
523,2015-05-28 08:00:00
524,2015-05-29 08:00:00
525,2015-05-30 08:00:00
526,2015-05-31 08:00:00
1255,2015-06-01 08:00:00
1256,2015-06-02 08:00:00
1257,2015-06-03 08:00:00
1258,2015-06-04 08:00:00
1259,2015-06-05 08:00:00
1260,2015-06-06 08:00:00
1261,2015-06-07 08:00:00
1262,2015-06-08 08:00:00
1263,2015-06-09 08:00:00
1264,2015-06-10 08:00:00
1265,2015-06-11 08:00:00
1266,2015-06-12 08:00:00
1267,2015-06-13 08:00:00
1268,2015-06-14 08:00:00
1269,2015-06-15 08:00:00
1270,2015-06-16 08:00:00
1271,2015-06-17 08:00:00
1272,2015-06-18 08:00:00
1273,2015-06-19 08:00:00
1274,2015-06-20 08:00:00
1275,2015-06-21 08:00:00
1276,2015-06-22 08:00:00
1277,2015-06-23 08:00:00
1278,2015-06-24 08:00:00
1279,2015-06-25 08:00:00
1280,2015-06-26 08:00:00
1281,2015-06-27 08:00:00
1282,2015-06-28 08:00:00
1283,2015-06-29 08:00:00
1284,2015-06-30 08:00:00
2021,2015-07-01 08:00:00
2022,2015-07-02 08:00:00
2023,2015-07-03 08:00:00
2024,2015-07-04 08:00:00
2025,2015-07-05 08:00:00
2026,2015-07-06 08:00:00
2027,2015-07-07 08:00:00
2028,2015-07-08 08:00:00
2029,2015-07-09 08:00:00
2030,2015-07-10 08:00:00
2031,2015-07-11 08:00:00
2032,2015-07-12 08:00:00
2033,2015-07-13 08:00:00
2034,2015-07-14 08:00:00
2035,2015-07-15 08:00:00
2036,2015-07-16 08:00:00
2037,2015-07-17 08:00:00
2038,2015-07-18 08:00:00
2039,2015-07-19 08:00:00
2040,2015-07-20 08:00:00
2041,2015-07-21 08:00:00
2042,2015-07-22 08:00:00
2043,2015-07-23 08:00:00
2044,2015-07-24 08:00:00
2045,2015-07-25 08:00:00
2046,2015-07-26 08:00:00
2047,2015-07-27 08:00:00
2048,2015-07-28 08:00:00
2049,2015-07-29 08:00:00
2050,2015-07-30 08:00:00
2051,2015-07-31 08:00:00
2796,2015-08-01 08:00:00
2797,2015-08-02 08:00:00
2798,2015-08-03 08:00:00
2799,2015-08-04 08:00:00
2800,2015-08-05 08:00:00
2801,2015-08-06 08:00:00
2802,2015-08-07 08:00:00
2803,2015-08-08 08:00:00
2804,2015-08-09 08:00:00
2805,2015-08-10 08:00:00
2806,2015-08-11 08:00:00
2807,2015-08-12 08:00:00
2808,2015-08-13 08:00:00
2809,2015-08-14 08:00:00
2810,2015-08-15 08:00:00
2811,2015-08-16 08:00:00
2812,2015-08-17 08:00:00
2813,2015-08-18 08:00:00
2814,2015-08-19 08:00:00
2815,2015-08-20 08:00:00
2816,2015-08-21 08:00:00
2817,2015-08-22 08:00:00
2818,2015-08-23 08:00:00
2819,2015-08-24 08:00:00
2820,2015-08-25 08:00:00
2821,2015-08-26 08:00:00
2822,2015-08-27 08:00:00
2823,2015-08-28 08:00:00
2824,2015-08-29 08:00:00
2825,2015-08-30 08:00:00
2826,2015-08-31 08:00:00
3540,2015-09-01 08:00:00
3541,2015-09-02 08:00:00
3542,2015-09-03 08:00:00
3543,2015-09-04 08:00:00
3544,2015-09-05 08:00:00
3545,2015-09-06 08:00:00
3546,2015-09-07 08:00:00
3547,2015-09-08 08:00:00
3548,2015-09-09 08:00:00
3549,2015-09-10 08:00:00
3550,2015-09-11 08:00:00
3551,2015-09-12 08:00:00
3552,2015-09-13 08:00:00
3553,2015-09-14 08:00:00
3554,2015-09-15 08:00:00
3555,2015-09-16 08:00:00
3556,2015-09-17 08:00:00
3557,2015-09-18 08:00:00
3558,2015-09-19 08:00:00
3559,2015-09-20 08:00:00
3560,2015-09-21 08:00:00
3561,2015-09-22 08:00:00
3562,2015-09-23 08:00:00
3563,2015-09-24 08:00:00
3564,2015-09-25 08:00:00
3565,2015-09-26 08:00:00
3566,2015-09-27 08:00:00
3567,2015-09-28 08:00:00
3568,2015-09-29 08:00:00
3569,2015-09-30 08:00:00
527,2016-05-01 08:00:00
528,2016-05-02 08:00:00
529,2016-05-03 08:00:00
530,2016-05-04 08:00:00
531,2016-05-05 08:00:00
532,2016-05-06 08:00:00
533,2016-05-07 08:00:00
534,2016-05-08 08:00:00
535,2016-05-09 08:00:00
536,2016-05-10 08:00:00
537,2016-05-11 08:00:00
538,2016-05-12 08:00:00
539,2016-05-13 08:00:00
540,2016-05-14 08:00:00
541,2016-05-15 08:00:00
542,2016-05-16 08:00:00
543,2016-05-17 08:00:00
544,2016-05-18 08:00:00
545,2016-05-19 08:00:00
546,2016-05-20 08:00:00
547,2016-05-21 08:00:00
548,2016-05-22 08:00:00
549,2016-05-23 08:00:00
550,2016-05-24 08:00:00
551,2016-05-25 08:00:00
552,2016-05-26 08:00:00
553,2016-05-27 08:00:00
554,2016-05-28 08:00:00
555,2016-05-29 08:00:00
556,2016-05-30 08:00:00
557,2016-05-31 08:00:00
1285,2016-06-01 08:00:00
1286,2016-06-02 08:00:00
1287,2016-06-03 08:00:00
1288,2016-06-04 08:00:00
1289,2016-06-05 08:00:00
1290,2016-06-06 08:00:00
1291,2016-06-07 08:00:00
1292,2016-06-08 08:00:00
1293,2016-06-09 08:00:00
1294,2016-06-10 08:00:00
1295,2016-06-11 08:00:00
1296,2016-06-12 08:00:00
1297,2016-06-13 08:00:00
1298,2016-06-14 08:00:00
1299,2016-06-15 08:00:00
1300,2016-06-16 08:00:00
1301,2016-06-17 08:00:00
1302,2016-06-18 08:00:00
1303,2016-06-19 08:00:00
1304,2016-06-20 08:00:00
1305,2016-06-21 08:00:00
1306,2016-06-22 08:00:00
1307,2016-06-23 08:00:00
1308,2016-06-24 08:00:00
1309,2016-06-25 08:00:00
1310,2016-06-26 08:00:00
1311,2016-06-27 08:00:00
1312,2016-06-28 08:00:00
1313,2016-06-29 08:00:00
1314,2016-06-30 08:00:00
2052,2016-07-01 08:00:00
2053,2016-07-02 08:00:00
2054,2016-07-03 08:00:00
2055,2016-07-04 08:00:00
2056,2016-07-05 08:00:00
2057,2016-07-06 08:00:00
2058,2016-07-07 08:00:00
2059,2016-07-08 08:00:00
2060,2016-07-09 08:00:00
2061,2016-07-10 08:00:00
2062,2016-07-11 08:00:00
2063,2016-07-12 08:00:00
2064,2016-07-13 08:00:00
2065,2016-07-14 08:00:00
2066,2016-07-15 08:00:00
2067,2016-07-16 08:00:00
2068,2016-07-17 08:00:00
2069,2016-07-18 08:00:00
2070,2016-07-19 08:00:00
2071,2016-07-20 08:00:00
2072,2016-07-21 08:00:00
2073,2016-07-22 08:00:00
2074,2016-07-23 08:00:00
2075,2016-07-24 08:00:00
2076,2016-07-25 08:00:00
2077,2016-07-26 08:00:00
2078,2016-07-27 08:00:00
2079,2016-07-28 08:00:00
2080,2016-07-29 08:00:00
2081,2016-07-30 08:00:00
2082,2016-07-31 08:00:00
2827,2016-08-01 08:00:00
2828,2016-08-02 08:00:00
2829,2016-08-03 08:00:00
2830,2016-08-04 08:00:00
2831,2016-08-05 08:00:00
2832,2016-08-06 08:00:00
2833,2016-08-07 08:00:00
2834,2016-08-08 08:00:00
2835,2016-08-09 08:00:00
2836,2016-08-10 08:00:00
2837,2016-08-11 08:00:00
2838,2016-08-12 08:00:00
2839,2016-08-13 08:00:00
2840,2016-08-14 08:00:00
2841,2016-08-15 08:00:00
2842,2016-08-16 08:00:00
2843,2016-08-17 08:00:00
2844,2016-08-18 08:00:00
2845,2016-08-19 08:00:00
2846,2016-08-20 08:00:00
2847,2016-08-21 08:00:00
2848,2016-08-22 08:00:00
2849,2016-08-23 08:00:00
2850,2016-08-24 08:00:00
2851,2016-08-25 08:00:00
2852,2016-08-26 08:00:00
2853,2016-08-27 08:00:00
2854,2016-08-28 08:00:00
2855,2016-08-29 08:00:00
2856,2016-08-30 08:00:00
2857,2016-08-31 08:00:00
3570,2016-09-01 08:00:00
3571,2016-09-02 08:00:00
3572,2016-09-03 08:00:00
3573,2016-09-04 08:00:00
3574,2016-09-05 08:00:00
3575,2016-09-06 08:00:00
3576,2016-09-07 08:00:00
3577,2016-09-08 08:00:00
3578,2016-09-09 08:00:00
3579,2016-09-10 08:00:00
3580,2016-09-11 08:00:00
3581,2016-09-12 08:00:00
3582,2016-09-13 08:00:00
3583,2016-09-14 08:00:00
3584,2016-09-15 08:00:00
3585,2016-09-16 08:00:00
3586,2016-09-17 08:00:00
3587,2016-09-18 08:00:00
3588,2016-09-19 08:00:00
3589,2016-09-20 08:00:00
3590,2016-09-21 08:00:00
3591,2016-09-22 08:00:00
3592,2016-09-23 08:00:00
3593,2016-09-24 08:00:00
3594,2016-09-25 08:00:00
3595,2016-09-26 08:00:00
3596,2016-09-27 08:00:00
3597,2016-09-28 08:00:00
3598,2016-09-29 08:00:00
3599,2016-09-30 08:00:00
558,2017-05-01 08:00:00
559,2017-05-02 08:00:00
560,2017-05-03 08:00:00
561,2017-05-04 08:00:00
562,2017-05-05 08:00:00
563,2017-05-06 08:00:00
564,2017-05-07 08:00:00
565,2017-05-08 08:00:00
566,2017-05-09 08:00:00
567,2017-05-10 08:00:00
568,2017-05-11 08:00:00
569,2017-05-12 08:00:00
570,2017-05-13 08:00:00
571,2017-05-14 08:00:00
572,2017-05-15 08:00:00
573,2017-05-16 08:00:00
574,2017-05-17 08:00:00
575,2017-05-18 08:00:00
576,2017-05-19 08:00:00
577,2017-05-20 08:00:00
578,2017-05-21 08:00:00
579,2017-05-22 08:00:00
580,2017-05-23 08:00:00
581,2017-05-24 08:00:00
582,2017-05-25 08:00:00
583,2017-05-26 08:00:00
584,2017-05-27 08:00:00
585,2017-05-28 08:00:00
586,2017-05-29 08:00:00
587,2017-05-30 08:00:00
588,2017-05-31 08:00:00
1315,2017-06-01 08:00:00
1316,2017-06-02 08:00:00
1317,2017-06-03 08:00:00
1318,2017-06-04 08:00:00
1319,2017-06-05 08:00:00
1320,2017-06-06 08:00:00
1321,2017-06-07 08:00:00
1322,2017-06-08 08:00:00
1323,2017-06-09 08:00:00
1324,2017-06-10 08:00:00
1325,2017-06-11 08:00:00
1326,2017-06-12 08:00:00
1327,2017-06-13 08:00:00
1328,2017-06-14 08:00:00
1329,2017-06-15 08:00:00
1330,2017-06-16 08:00:00
1331,2017-06-17 08:00:00
1332,2017-06-18 08:00:00
1333,2017-06-19 08:00:00
1334,2017-06-20 08:00:00
1335,2017-06-21 08:00:00
1336,2017-06-22 08:00:00
1337,2017-06-23 08:00:00
1338,2017-06-24 08:00:00
1339,2017-06-25 08:00:00
1340,2017-06-26 08:00:00
1341,2017-06-27 08:00:00
1342,2017-06-28 08:00:00
1343,2017-06-29 08:00:00
1344,2017-06-30 08:00:00
2083,2017-07-01 08:00:00
2084,2017-07-02 08:00:00
2085,2017-07-03 08:00:00
2086,2017-07-04 08:00:00
2087,2017-07-05 08:00:00
2088,2017-07-06 08:00:00
2089,2017-07-07 08:00:00
2090,2017-07-08 08:00:00
2091,2017-07-09 08:00:00
2092,2017-07-10 08:00:00
2093,2017-07-11 08:00:00
2094,2017-07-12 08:00:00
2095,2017-07-13 08:00:00
2096,2017-07-14 08:00:00
2097,2017-07-15 08:00:00
2098,2017-07-16 08:00:00
2099,2017-07-17 08:00:00
2100,2017-07-18 08:00:00
2101,2017-07-19 08:00:00
2102,2017-07-20 08:00:00
2103,2017-07-21 08:00:00
2104,2017-07-22 08:00:00
2105,2017-07-23 08:00:00
2106,2017-07-24 08:00:00
2107,2017-07-25 08:00:00
2108,2017-07-26 08:00:00
2109,2017-07-27 08:00:00
2110,2017-07-28 08:00:00
2111,2017-07-29 08:00:00
2112,2017-07-30 08:00:00
2113,2017-07-31 08:00:00
2858,2017-08-01 08:00:00
2859,2017-08-02 08:00:00
2860,2017-08-03 08:00:00
2861,2017-08-04 08:00:00
2862,2017-08-05 08:00:00
2863,2017-08-06 08:00:00
2864,2017-08-07 08:00:00
2865,2017-08-08 08:00:00
2866,2017-08-09 08:00:00
2867,2017-08-10 08:00:00
2868,2017-08-11 08:00:00
2869,2017-08-12 08:00:00
2870,2017-08-13 08:00:00
2871,2017-08-14 08:00:00
2872,2017-08-15 08:00:00
2873,2017-08-16 08:00:00
2874,2017-08-17 08:00:00
2875,2017-08-18 08:00:00
2876,2017-08-19 08:00:00
2877,2017-08-20 08:00:00
2878,2017-08-21 08:00:00
2879,2017-08-22 08:00:00
2880,2017-08-23 08:00:00
2881,2017-08-24 08:00:00
2882,2017-08-25 08:00:00
2883,2017-08-26 08:00:00
2884,2017-08-27 08:00:00
2885,2017-08-28 08:00:00
2886,2017-08-29 08:00:00
2887,2017-08-30 08:00:00
2888,2017-08-31 08:00:00
3600,2017-09-01 08:00:00
3601,2017-09-02 08:00:00
3602,2017-09-03 08:00:00
3603,2017-09-04 08:00:00
3604,2017-09-05 08:00:00
3605,2017-09-06 08:00:00
3606,2017-09-07 08:00:00
3607,2017-09-08 08:00:00
3608,2017-09-09 08:00:00
3609,2017-09-10 08:00:00
3610,2017-09-11 08:00:00
3611,2017-09-12 08:00:00
3612,2017-09-13 08:00:00
3613,2017-09-14 08:00:00
3614,2017-09-15 08:00:00
3615,2017-09-16 08:00:00
3616,2017-09-17 08:00:00
3617,2017-09-18 08:00:00
3618,2017-09-19 08:00:00
3619,2017-09-20 08:00:00
3620,2017-09-21 08:00:00
3621,2017-09-22 08:00:00
3622,2017-09-23 08:00:00
3623,2017-09-24 08:00:00
3624,2017-09-25 08:00:00
3625,2017-09-26 08:00:00
3626,2017-09-27 08:00:00
3627,2017-09-28 08:00:00
3628,2017-09-29 08:00:00
3629,2017-09-30 08:00:00
589,2018-05-01 08:00:00
590,2018-05-02 08:00:00
591,2018-05-03 08:00:00
592,2018-05-04 08:00:00
593,2018-05-05 08:00:00
594,2018-05-06 08:00:00
595,2018-05-07 08:00:00
596,2018-05-08 08:00:00
597,2018-05-09 08:00:00
598,2018-05-10 08:00:00
599,2018-05-11 08:00:00
600,2018-05-12 08:00:00
601,2018-05-13 08:00:00
602,2018-05-14 08:00:00
603,2018-05-15 08:00:00
604,2018-05-16 08:00:00
605,2018-05-17 08:00:00
606,2018-05-18 08:00:00
607,2018-05-19 08:00:00
608,2018-05-20 08:00:00
609,2018-05-21 08:00:00
610,2018-05-22 08:00:00
611,2018-05-23 08:00:00
612,2018-05-24 08:00:00
613,2018-05-25 08:00:00
614,2018-05-26 08:00:00
615,2018-05-27 08:00:00
616,2018-05-28 08:00:00
617,2018-05-29 08:00:00
618,2018-05-30 08:00:00
619,2018-05-31 08:00:00
1345,2018-06-01 08:00:00
1346,2018-06-02 08:00:00
1347,2018-06-03 08:00:00
1348,2018-06-04 08:00:00
1349,2018-06-05 08:00:00
1350,2018-06-06 08:00:00
1351,2018-06-07 08:00:00
1352,2018-06-08 08:00:00
1353,2018-06-09 08:00:00
1354,2018-06-10 08:00:00
1355,2018-06-11 08:00:00
1356,2018-06-12 08:00:00
1357,2018-06-13 08:00:00
1358,2018-06-14 08:00:00
1359,2018-06-15 08:00:00
1360,2018-06-16 08:00:00
1361,2018-06-17 08:00:00
1362,2018-06-18 08:00:00
1363,2018-06-19 08:00:00
1364,2018-06-20 08:00:00
1365,2018-06-21 08:00:00
1366,2018-06-22 08:00:00
1367,2018-06-23 08:00:00
1368,2018-06-24 08:00:00
1369,2018-06-25 08:00:00
1370,2018-06-26 08:00:00
1371,2018-06-27 08:00:00
1372,2018-06-28 08:00:00
1373,2018-06-29 08:00:00
1374,2018-06-30 08:00:00
2114,2018-07-01 08:00:00
2115,2018-07-02 08:00:00
2116,2018-07-03 08:00:00
2117,2018-07-04 08:00:00
2118,2018-07-05 08:00:00
2119,2018-07-06 08:00:00
2120,2018-07-07 08:00:00
2121,2018-07-08 08:00:00
2122,2018-07-09 08:00:00
2123,2018-07-10 08:00:00
2124,2018-07-11 08:00:00
2125,2018-07-12 08:00:00
2126,2018-07-13 08:00:00
2127,2018-07-14 08:00:00
2128,2018-07-15 08:00:00
2129,2018-07-16 08:00:00
2130,2018-07-17 08:00:00
2131,2018-07-18 08:00:00
2132,2018-07-19 08:00:00
2133,2018-07-20 08:00:00
2134,2018-07-21 08:00:00
2135,2018-07-22 08:00:00
2136,2018-07-23 08:00:00
2137,2018-07-24 08:00:00
2138,2018-07-25 08:00:00
2139,2018-07-26 08:00:00
2140,2018-07-27 08:00:00
2141,2018-07-28 08:00:00
2142,2018-07-29 08:00:00
2143,2018-07-30 08:00:00
2144,2018-07-31 08:00:00
2889,2018-08-01 08:00:00
2890,2018-08-02 08:00:00
2891,2018-08-03 08:00:00
2892,2018-08-04 08:00:00
2893,2018-08-05 08:00:00
2894,2018-08-06 08:00:00
2895,2018-08-07 08:00:00
2896,2018-08-08 08:00:00
2897,2018-08-09 08:00:00
2898,2018-08-10 08:00:00
2899,2018-08-11 08:00:00
2900,2018-08-12 08:00:00
2901,2018-08-13 08:00:00
2902,2018-08-14 08:00:00
2903,2018-08-15 08:00:00
2904,2018-08-16 08:00:00
2905,2018-08-17 08:00:00
2906,2018-08-18 08:00:00
2907,2018-08-19 08:00:00
2908,2018-08-20 08:00:00
2909,2018-08-21 08:00:00
2910,2018-08-22 08:00:00
2911,2018-08-23 08:00:00
2912,2018-08-24 08:00:00
2913,2018-08-25 08:00:00
2914,2018-08-26 08:00:00
2915,2018-08-27 08:00:00
2916,2018-08-28 08:00:00
2917,2018-08-29 08:00:00
2918,2018-08-30 08:00:00
2919,2018-08-31 08:00:00
3630,2018-09-01 08:00:00
3631,2018-09-02 08:00:00
3632,2018-09-03 08:00:00
3633,2018-09-04 08:00:00
3634,2018-09-05 08:00:00
3635,2018-09-06 08:00:00
3636,2018-09-07 08:00:00
3637,2018-09-08 08:00:00
3638,2018-09-09 08:00:00
3639,2018-09-10 08:00:00
3640,2018-09-11 08:00:00
3641,2018-09-12 08:00:00
3642,2018-09-13 08:00:00
3643,2018-09-14 08:00:00
3644,2018-09-15 08:00:00
3645,2018-09-16 08:00:00
3646,2018-09-17 08:00:00
3647,2018-09-18 08:00:00
3648,2018-09-19 08:00:00
3649,2018-09-20 08:00:00
3650,2018-09-21 08:00:00
3651,2018-09-22 08:00:00
3652,2018-09-23 08:00:00
3653,2018-09-24 08:00:00
3654,2018-09-25 08:00:00
3655,2018-09-26 08:00:00
3656,2018-09-27 08:00:00
3657,2018-09-28 08:00:00
3658,2018-09-29 08:00:00
3659,2018-09-30 08:00:00
620,2019-05-01 08:00:00
621,2019-05-02 08:00:00
622,2019-05-03 08:00:00
623,2019-05-04 08:00:00
624,2019-05-05 08:00:00
625,2019-05-06 08:00:00
626,2019-05-07 08:00:00
627,2019-05-08 08:00:00
628,2019-05-09 08:00:00
629,2019-05-10 08:00:00
630,2019-05-11 08:00:00
631,2019-05-12 08:00:00
632,2019-05-13 08:00:00
633,2019-05-14 08:00:00
634,2019-05-15 08:00:00
635,2019-05-16 08:00:00
636,2019-05-17 08:00:00
637,2019-05-18 08:00:00
638,2019-05-19 08:00:00
639,2019-05-20 08:00:00
640,2019-05-21 08:00:00
641,2019-05-22 08:00:00
642,2019-05-23 08:00:00
643,2019-05-24 08:00:00
644,2019-05-25 08:00:00
645,2019-05-26 08:00:00
646,2019-05-27 08:00:00
647,2019-05-28 08:00:00
648,2019-05-29 08:00:00
649,2019-05-30 08:00:00
650,2019-05-31 08:00:00
1375,2019-06-01 08:00:00
1376,2019-06-02 08:00:00
1377,2019-06-03 08:00:00
1378,2019-06-04 08:00:00
1379,2019-06-05 08:00:00
1380,2019-06-06 08:00:00
1381,2019-06-07 08:00:00
1382,2019-06-08 08:00:00
1383,2019-06-09 08:00:00
1384,2019-06-10 08:00:00
1385,2019-06-11 08:00:00
1386,2019-06-12 08:00:00
1387,2019-06-13 08:00:00
1388,2019-06-14 08:00:00
1389,2019-06-15 08:00:00
1390,2019-06-16 08:00:00
1391,2019-06-17 08:00:00
1392,2019-06-18 08:00:00
1393,2019-06-19 08:00:00
1394,2019-06-20 08:00:00
1395,2019-06-21 08:00:00
1396,2019-06-22 08:00:00
1397,2019-06-23 08:00:00
1398,2019-06-24 08:00:00
1399,2019-06-25 08:00:00
1400,2019-06-26 08:00:00
1401,2019-06-27 08:00:00
1402,2019-06-28 08:00:00
1403,2019-06-29 08:00:00
1404,2019-06-30 08:00:00
2145,2019-07-01 08:00:00
2146,2019-07-02 08:00:00
2147,2019-07-03 08:00:00
2148,2019-07-04 08:00:00
2149,2019-07-05 08:00:00
2150,2019-07-06 08:00:00
2151,2019-07-07 08:00:00
2152,2019-07-08 08:00:00
2153,2019-07-09 08:00:00
2154,2019-07-10 08:00:00
2155,2019-07-11 08:00:00
2156,2019-07-12 08:00:00
2157,2019-07-13 08:00:00
2158,2019-07-14 08:00:00
2159,2019-07-15 08:00:00
2160,2019-07-16 08:00:00
2161,2019-07-17 08:00:00
2162,2019-07-18 08:00:00
2163,2019-07-19 08:00:00
2164,2019-07-20 08:00:00
2165,2019-07-21 08:00:00
2166,2019-07-22 08:00:00
2167,2019-07-23 08:00:00
2168,2019-07-24 08:00:00
2169,2019-07-25 08:00:00
2170,2019-07-26 08:00:00
2171,2019-07-27 08:00:00
2172,2019-07-28 08:00:00
2173,2019-07-29 08:00:00
2174,2019-07-30 08:00:00
2175,2019-07-31 08:00:00
2920,2019-08-01 08:00:00
2921,2019-08-02 08:00:00
2922,2019-08-03 08:00:00
2923,2019-08-04 08:00:00
2924,2019-08-05 08:00:00
2925,2019-08-06 08:00:00
2926,2019-08-07 08:00:00
2927,2019-08-08 08:00:00
2928,2019-08-09 08:00:00
2929,2019-08-10 08:00:00
2930,2019-08-11 08:00:00
2931,2019-08-12 08:00:00
2932,2019-08-13 08:00:00
2933,2019-08-14 08:00:00
2934,2019-08-15 08:00:00
2935,2019-08-16 08:00:00
2936,2019-08-17 08:00:00
2937,2019-08-18 08:00:00
2938,2019-08-19 08:00:00
2939,2019-08-20 08:00:00
2940,2019-08-21 08:00:00
2941,2019-08-22 08:00:00
2942,2019-08-23 08:00:00
2943,2019-08-24 08:00:00
2944,2019-08-25 08:00:00
2945,2019-08-26 08:00:00
2946,2019-08-27 08:00:00
2947,2019-08-28 08:00:00
2948,2019-08-29 08:00:00
2949,2019-08-30 08:00:00
2950,2019-08-31 08:00:00
3660,2019-09-01 08:00:00
3661,2019-09-02 08:00:00
3662,2019-09-03 08:00:00
3663,2019-09-04 08:00:00
3664,2019-09-05 08:00:00
3665,2019-09-06 08:00:00
3666,2019-09-07 08:00:00
3667,2019-09-08 08:00:00
3668,2019-09-09 08:00:00
3669,2019-09-10 08:00:00
3670,2019-09-11 08:00:00
3671,2019-09-12 08:00:00
3672,2019-09-13 08:00:00
3673,2019-09-14 08:00:00
3674,2019-09-15 08:00:00
3675,2019-09-16 08:00:00
3676,2019-09-17 08:00:00
3677,2019-09-18 08:00:00
3678,2019-09-19 08:00:00
3679,2019-09-20 08:00:00
3680,2019-09-21 08:00:00
3681,2019-09-22 08:00:00
3682,2019-09-23 08:00:00
3683,2019-09-24 08:00:00
3684,2019-09-25 08:00:00
3685,2019-09-26 08:00:00
3686,2019-09-27 08:00:00
3687,2019-09-28 08:00:00
3688,2019-09-29 08:00:00
3689,2019-09-30 08:00:00
651,2020-05-01 08:00:00
652,2020-05-02 08:00:00
653,2020-05-03 08:00:00
654,2020-05-04 08:00:00
655,2020-05-05 08:00:00
656,2020-05-06 08:00:00
657,2020-05-07 08:00:00
658,2020-05-08 08:00:00
659,2020-05-09 08:00:00
660,2020-05-10 08:00:00
661,2020-05-11 08:00:00
662,2020-05-12 08:00:00
663,2020-05-13 08:00:00
664,2020-05-14 08:00:00
665,2020-05-15 08:00:00
666,2020-05-16 08:00:00
667,2020-05-17 08:00:00
668,2020-05-18 08:00:00
669,2020-05-19 08:00:00
670,2020-05-20 08:00:00
671,2020-05-21 08:00:00
672,2020-05-22 08:00:00
673,2020-05-23 08:00:00
674,2020-05-24 08:00:00
675,2020-05-25 08:00:00
676,2020-05-26 08:00:00
677,2020-05-27 08:00:00
678,2020-05-28 08:00:00
679,2020-05-29 08:00:00
680,2020-05-30 08:00:00
681,2020-05-31 08:00:00
1405,2020-06-01 08:00:00
1406,2020-06-02 08:00:00
1407,2020-06-03 08:00:00
1408,2020-06-04 08:00:00
1409,2020-06-05 08:00:00
1410,2020-06-06 08:00:00
1411,2020-06-07 08:00:00
1412,2020-06-08 08:00:00
1413,2020-06-09 08:00:00
1414,2020-06-10 08:00:00
1415,2020-06-11 08:00:00
1416,2020-06-12 08:00:00
1417,2020-06-13 08:00:00
1418,2020-06-14 08:00:00
1419,2020-06-15 08:00:00
1420,2020-06-16 08:00:00
1421,2020-06-17 08:00:00
1422,2020-06-18 08:00:00
1423,2020-06-19 08:00:00
1424,2020-06-20 08:00:00
1425,2020-06-21 08:00:00
1426,2020-06-22 08:00:00
1427,2020-06-23 08:00:00
1428,2020-06-24 08:00:00
1429,2020-06-25 08:00:00
1430,2020-06-26 08:00:00
1431,2020-06-27 08:00:00
1432,2020-06-28 08:00:00
1433,2020-06-29 08:00:00
1434,2020-06-30 08:00:00
2176,2020-07-01 08:00:00
2177,2020-07-02 08:00:00
2178,2020-07-03 08:00:00
2179,2020-07-04 08:00:00
2180,2020-07-05 08:00:00
2181,2020-07-06 08:00:00
2182,2020-07-07 08:00:00
2183,2020-07-08 08:00:00
2184,2020-07-09 08:00:00
2185,2020-07-10 08:00:00
2186,2020-07-11 08:00:00
2187,2020-07-12 08:00:00
2188,2020-07-13 08:00:00
2189,2020-07-14 08:00:00
2190,2020-07-15 08:00:00
2191,2020-07-16 08:00:00
2192,2020-07-17 08:00:00
2193,2020-07-18 08:00:00
2194,2020-07-19 08:00:00
2195,2020-07-20 08:00:00
2196,2020-07-21 08:00:00
2197,2020-07-22 08:00:00
2198,2020-07-23 08:00:00
2199,2020-07-24 08:00:00
2200,2020-07-25 08:00:00
2201,2020-07-26 08:00:00
2202,2020-07-27 08:00:00
2203,2020-07-28 08:00:00
2204,2020-07-29 08:00:00
2205,2020-07-30 08:00:00
2206,2020-07-31 08:00:00
2951,2020-08-01 08:00:00
2952,2020-08-02 08:00:00
2953,2020-08-03 08:00:00
2954,2020-08-04 08:00:00
2955,2020-08-05 08:00:00
2956,2020-08-06 08:00:00
2957,2020-08-07 08:00:00
2958,2020-08-08 08:00:00
2959,2020-08-09 08:00:00
2960,2020-08-10 08:00:00
2961,2020-08-11 08:00:00
2962,2020-08-12 08:00:00
2963,2020-08-13 08:00:00
2964,2020-08-14 08:00:00
2965,2020-08-15 08:00:00
2966,2020-08-16 08:00:00
2967,2020-08-17 08:00:00
2968,2020-08-18 08:00:00
2969,2020-08-19 08:00:00
2970,2020-08-20 08:00:00
2971,2020-08-21 08:00:00
2972,2020-08-22 08:00:00
2973,2020-08-23 08:00:00
2974,2020-08-24 08:00:00
2975,2020-08-25 08:00:00
2976,2020-08-26 08:00:00
2977,2020-08-27 08:00:00
2978,2020-08-28 08:00:00
2979,2020-08-29 08:00:00
2980,2020-08-30 08:00:00
2981,2020-08-31 08:00:00
3690,2020-09-01 08:00:00
3691,2020-09-02 08:00:00
3692,2020-09-03 08:00:00
3693,2020-09-04 08:00:00
3694,2020-09-05 08:00:00
3695,2020-09-06 08:00:00
3696,2020-09-07 08:00:00
3697,2020-09-08 08:00:00
3698,2020-09-09 08:00:00
3699,2020-09-10 08:00:00
3700,2020-09-11 08:00:00
3701,2020-09-12 08:00:00
3702,2020-09-13 08:00:00
3703,2020-09-14 08:00:00
3704,2020-09-15 08:00:00
3705,2020-09-16 08:00:00
3706,2020-09-17 08:00:00
3707,2020-09-18 08:00:00
3708,2020-09-19 08:00:00
3709,2020-09-20 08:00:00
3710,2020-09-21 08:00:00
3711,2020-09-22 08:00:00
3712,2020-09-23 08:00:00
3713,2020-09-24 08:00:00
3714,2020-09-25 08:00:00
3715,2020-09-26 08:00:00
3716,2020-09-27 08:00:00
3717,2020-09-28 08:00:00
3718,2020-09-29 08:00:00
3719,2020-09-30 08:00:00
682,2021-05-01 08:00:00
683,2021-05-02 08:00:00
684,2021-05-03 08:00:00
685,2021-05-04 08:00:00
686,2021-05-05 08:00:00
687,2021-05-06 08:00:00
688,2021-05-07 08:00:00
689,2021-05-08 08:00:00
690,2021-05-09 08:00:00
691,2021-05-10 08:00:00
692,2021-05-11 08:00:00
693,2021-05-12 08:00:00
694,2021-05-13 08:00:00
695,2021-05-14 08:00:00
696,2021-05-15 08:00:00
697,2021-05-16 08:00:00
698,2021-05-17 08:00:00
699,2021-05-18 08:00:00
700,2021-05-19 08:00:00
701,2021-05-20 08:00:00
702,2021-05-21 08:00:00
703,2021-05-22 08:00:00
704,2021-05-23 08:00:00
705,2021-05-24 08:00:00
706,2021-05-25 08:00:00
707,2021-05-26 08:00:00
708,2021-05-27 08:00:00
709,2021-05-28 08:00:00
710,2021-05-29 08:00:00
711,2021-05-30 08:00:00
712,2021-05-31 08:00:00
1435,2021-06-01 08:00:00
1436,2021-06-02 08:00:00
1437,2021-06-03 08:00:00
1438,2021-06-04 08:00:00
1439,2021-06-05 08:00:00
1440,2021-06-06 08:00:00
1441,2021-06-07 08:00:00
1442,2021-06-08 08:00:00
1443,2021-06-09 08:00:00
1444,2021-06-10 08:00:00
1445,2021-06-11 08:00:00
1446,2021-06-12 08:00:00
1447,2021-06-13 08:00:00
1448,2021-06-14 08:00:00
1449,2021-06-15 08:00:00
1450,2021-06-16 08:00:00
1451,2021-06-17 08:00:00
1452,2021-06-18 08:00:00
1453,2021-06-19 08:00:00
1454,2021-06-20 08:00:00
1455,2021-06-21 08:00:00
1456,2021-06-22 08:00:00
1457,2021-06-23 08:00:00
1458,2021-06-24 08:00:00
1459,2021-06-25 08:00:00
1460,2021-06-26 08:00:00
1461,2021-06-27 08:00:00
1462,2021-06-28 08:00:00
1463,2021-06-29 08:00:00
1464,2021-06-30 08:00:00
2207,2021-07-01 08:00:00
2208,2021-07-02 08:00:00
2209,2021-07-03 08:00:00
2210,2021-07-04 08:00:00
2211,2021-07-05 08:00:00
2212,2021-07-06 08:00:00
2213,2021-07-07 08:00:00
2214,2021-07-08 08:00:00
2215,2021-07-09 08:00:00
2216,2021-07-10 08:00:00
2217,2021-07-11 08:00:00
2218,2021-07-12 08:00:00
2219,2021-07-13 08:00:00
2220,2021-07-14 08:00:00
2221,2021-07-15 08:00:00
2222,2021-07-16 08:00:00
2223,2021-07-17 08:00:00
2224,2021-07-18 08:00:00
2225,2021-07-19 08:00:00
2226,2021-07-20 08:00:00
2227,2021-07-21 08:00:00
2228,2021-07-22 08:00:00
2229,2021-07-23 08:00:00
2230,2021-07-24 08:00:00
2231,2021-07-25 08:00:00
2232,2021-07-26 08:00:00
2233,2021-07-27 08:00:00
2234,2021-07-28 08:00:00
2235,2021-07-29 08:00:00
2236,2021-07-30 08:00:00
2237,2021-07-31 08:00:00
2982,2021-08-01 08:00:00
2983,2021-08-02 08:00:00
2984,2021-08-03 08:00:00
2985,2021-08-04 08:00:00
2986,2021-08-05 08:00:00
2987,2021-08-06 08:00:00
2988,2021-08-07 08:00:00
2989,2021-08-08 08:00:00
2990,2021-08-09 08:00:00
2991,2021-08-10 08:00:00
2992,2021-08-11 08:00:00
2993,2021-08-12 08:00:00
2994,2021-08-13 08:00:00
2995,2021-08-14 08:00:00
2996,2021-08-15 08:00:00
2997,2021-08-16 08:00:00
2998,2021-08-17 08:00:00
2999,2021-08-18 08:00:00
3000,2021-08-19 08:00:00
3001,2021-08-20 08:00:00
3002,2021-08-21 08:00:00
3003,2021-08-22 08:00:00
3004,2021-08-23 08:00:00
3005,2021-08-24 08:00:00
3006,2021-08-25 08:00:00
3007,2021-08-26 08:00:00
3008,2021-08-27 08:00:00
3009,2021-08-28 08:00:00
3010,2021-08-29 08:00:00
3011,2021-08-30 08:00:00
3012,2021-08-31 08:00:00
3720,2021-09-01 08:00:00
3721,2021-09-02 08:00:00
3722,2021-09-03 08:00:00
3723,2021-09-04 08:00:00
3724,2021-09-05 08:00:00
3725,2021-09-06 08:00:00
3726,2021-09-07 08:00:00
3727,2021-09-08 08:00:00
3728,2021-09-09 08:00:00
3729,2021-09-10 08:00:00
3730,2021-09-11 08:00:00
3731,2021-09-12 08:00:00
3732,2021-09-13 08:00:00
3733,2021-09-14 08:00:00
3734,2021-09-15 08:00:00
3735,2021-09-16 08:00:00
3736,2021-09-17 08:00:00
3737,2021-09-18 08:00:00
3738,2021-09-19 08:00:00
3739,2021-09-20 08:00:00
3740,2021-09-21 08:00:00
3741,2021-09-22 08:00:00
3742,2021-09-23 08:00:00
3743,2021-09-24 08:00:00
3744,2021-09-25 08:00:00
3745,2021-09-26 08:00:00
3746,2021-09-27 08:00:00
3747,2021-09-28 08:00:00
3748,2021-09-29 08:00:00
3749,2021-09-30 08:00:00
713,2022-05-01 08:00:00
714,2022-05-02 08:00:00
715,2022-05-03 08:00:00
716,2022-05-04 08:00:00
717,2022-05-05 08:00:00
718,2022-05-06 08:00:00
719,2022-05-07 08:00:00
720,2022-05-08 08:00:00
721,2022-05-09 08:00:00
722,2022-05-10 08:00:00
723,2022-05-11 08:00:00
724,2022-05-12 08:00:00
725,2022-05-13 08:00:00
726,2022-05-14 08:00:00
727,2022-05-15 08:00:00
728,2022-05-16 08:00:00
729,2022-05-17 08:00:00
730,2022-05-18 08:00:00
731,2022-05-19 08:00:00
732,2022-05-20 08:00:00
733,2022-05-21 08:00:00
734,2022-05-22 08:00:00
735,2022-05-23 08:00:00
736,2022-05-24 08:00:00
737,2022-05-25 08:00:00
738,2022-05-26 08:00:00
739,2022-05-27 08:00:00
740,2022-05-28 08:00:00
741,2022-05-29 08:00:00
742,2022-05-30 08:00:00
743,2022-05-31 08:00:00
1465,2022-06-01 08:00:00
1466,2022-06-02 08:00:00
1467,2022-06-03 08:00:00
1468,2022-06-04 08:00:00
1469,2022-06-05 08:00:00
1470,2022-06-06 08:00:00
1471,2022-06-07 08:00:00
1472,2022-06-08 08:00:00
1473,2022-06-09 08:00:00
1474,2022-06-10 08:00:00
1475,2022-06-11 08:00:00
1476,2022-06-12 08:00:00
1477,2022-06-13 08:00:00
1478,2022-06-14 08:00:00
1479,2022-06-15 08:00:00
1480,2022-06-16 08:00:00
1481,2022-06-17 08:00:00
1482,2022-06-18 08:00:00
1483,2022-06-19 08:00:00
1484,2022-06-20 08:00:00
1485,2022-06-21 08:00:00
1486,2022-06-22 08:00:00
1487,2022-06-23 08:00:00
1488,2022-06-24 08:00:00
1489,2022-06-25 08:00:00
1490,2022-06-26 08:00:00
1491,2022-06-27 08:00:00
1492,2022-06-28 08:00:00
1493,2022-06-29 08:00:00
1494,2022-06-30 08:00:00
2238,2022-07-01 08:00:00
2239,2022-07-02 08:00:00
2240,2022-07-03 08:00:00
2241,2022-07-04 08:00:00
2242,2022-07-05 08:00:00
2243,2022-07-06 08:00:00
2244,2022-07-07 08:00:00
2245,2022-07-08 08:00:00
2246,2022-07-09 08:00:00
2247,2022-07-10 08:00:00
2248,2022-07-11 08:00:00
2249,2022-07-12 08:00:00
2250,2022-07-13 08:00:00
2251,2022-07-14 08:00:00
2252,2022-07-15 08:00:00
2253,2022-07-16 08:00:00
2254,2022-07-17 08:00:00
2255,2022-07-18 08:00:00
2256,2022-07-19 08:00:00
2257,2022-07-20 08:00:00
2258,2022-07-21 08:00:00
2259,2022-07-22 08:00:00
2260,2022-07-23 08:00:00
2261,2022-07-24 08:00:00
2262,2022-07-25 08:00:00
2263,2022-07-26 08:00:00
2264,2022-07-27 08:00:00
2265,2022-07-28 08:00:00
2266,2022-07-29 08:00:00
2267,2022-07-30 08:00:00
2268,2022-07-31 08:00:00
3013,2022-08-01 08:00:00
3014,2022-08-02 08:00:00
3015,2022-08-03 08:00:00
3016,2022-08-04 08:00:00
3017,2022-08-05 08:00:00
3018,2022-08-06 08:00:00
3019,2022-08-07 08:00:00
3020,2022-08-08 08:00:00
3021,2022-08-09 08:00:00
3022,2022-08-10 08:00:00
3023,2022-08-11 08:00:00
3024,2022-08-12 08:00:00
3025,2022-08-13 08:00:00
3026,2022-08-14 08:00:00
3027,2022-08-15 08:00:00
3028,2022-08-16 08:00:00
3029,2022-08-17 08:00:00
3030,2022-08-18 08:00:00
3031,2022-08-19 08:00:00
3032,2022-08-20 08:00:00
3033,2022-08-21 08:00:00
3034,2022-08-22 08:00:00
3035,2022-08-23 08:00:00
3036,2022-08-24 08:00:00
3037,2022-08-25 08:00:00
3038,2022-08-26 08:00:00
3039,2022-08-27 08:00:00
3040,2022-08-28 08:00:00
3041,2022-08-29 08:00:00
3042,2022-08-30 08:00:00
3043,2022-08-31 08:00:00
3750,2022-09-01 08:00:00
3751,2022-09-02 08:00:00
3752,2022-09-03 08:00:00
3753,2022-09-04 08:00:00
3754,2022-09-05 08:00:00
3755,2022-09-06 08:00:00
3756,2022-09-07 08:00:00
3757,2022-09-08 08:00:00
3758,2022-09-09 08:00:00
3759,2022-09-10 08:00:00
3760,2022-09-11 08:00:00
3761,2022-09-12 08:00:00
3762,2022-09-13 08:00:00
3763,2022-09-14 08:00:00
3764,2022-09-15 08:00:00
3765,2022-09-16 08:00:00
3766,2022-09-17 08:00:00
3767,2022-09-18 08:00:00
3768,2022-09-19 08:00:00
3769,2022-09-20 08:00:00
3770,2022-09-21 08:00:00
3771,2022-09-22 08:00:00
3772,2022-09-23 08:00:00
3773,2022-09-24 08:00:00
3774,2022-09-25 08:00:00
3775,2022-09-26 08:00:00
3776,2022-09-27 08:00:00
3777,2022-09-28 08:00:00
3778,2022-09-29 08:00:00
3779,2022-09-30 08:00:00
744,2023-05-01 08:00:00
745,2023-05-02 08:00:00
746,2023-05-03 08:00:00
747,2023-05-04 08:00:00
748,2023-05-05 08:00:00
749,2023-05-06 08:00:00
750,2023-05-07 08:00:00
751,2023-05-08 08:00:00
752,2023-05-09 08:00:00
753,2023-05-10 08:00:00
754,2023-05-11 08:00:00
755,2023-05-12 08:00:00
756,2023-05-13 08:00:00
757,2023-05-14 08:00:00
758,2023-05-15 08:00:00
759,2023-05-16 08:00:00
760,2023-05-17 08:00:00
761,2023-05-18 08:00:00
762,2023-05-19 08:00:00
763,2023-05-20 08:00:00
764,2023-05-21 08:00:00
765,2023-05-22 08:00:00
766,2023-05-23 08:00:00
767,2023-05-24 08:00:00
768,2023-05-25 08:00:00
769,2023-05-26 08:00:00
770,2023-05-27 08:00:00
771,2023-05-28 08:00:00
772,2023-05-29 08:00:00
773,2023-05-30 08:00:00
774,2023-05-31 08:00:00
1495,2023-06-01 08:00:00
1496,2023-06-02 08:00:00
1497,2023-06-03 08:00:00
1498,2023-06-04 08:00:00
1499,2023-06-05 08:00:00
1500,2023-06-06 08:00:00
1501,2023-06-07 08:00:00
1502,2023-06-08 08:00:00
1503,2023-06-09 08:00:00
1504,2023-06-10 08:00:00
1505,2023-06-11 08:00:00
1506,2023-06-12 08:00:00
1507,2023-06-13 08:00:00
1508,2023-06-14 08:00:00
1509,2023-06-15 08:00:00
1510,2023-06-16 08:00:00
1511,2023-06-17 08:00:00
1512,2023-06-18 08:00:00
1513,2023-06-19 08:00:00
1514,2023-06-20 08:00:00
1515,2023-06-21 08:00:00
1516,2023-06-22 08:00:00
1517,2023-06-23 08:00:00
1518,2023-06-24 08:00:00
1519,2023-06-25 08:00:00
1520,2023-06-26 08:00:00
1521,2023-06-27 08:00:00
1522,2023-06-28 08:00:00
1523,2023-06-29 08:00:00
1524,2023-06-30 08:00:00
2269,2023-07-01 08:00:00
2270,2023-07-02 08:00:00
2271,2023-07-03 08:00:00
2272,2023-07-04 08:00:00
2273,2023-07-05 08:00:00
2274,2023-07-06 08:00:00
2275,2023-07-07 08:00:00
2276,2023-07-08 08:00:00
2277,2023-07-09 08:00:00
2278,2023-07-10 08:00:00
2279,2023-07-11 08:00:00
2280,2023-07-12 08:00:00
2281,2023-07-13 08:00:00
2282,2023-07-14 08:00:00
2283,2023-07-15 08:00:00
2284,2023-07-16 08:00:00
2285,2023-07-17 08:00:00
2286,2023-07-18 08:00:00
2287,2023-07-19 08:00:00
2288,2023-07-20 08:00:00
2289,2023-07-21 08:00:00
2290,2023-07-22 08:00:00
2291,2023-07-23 08:00:00
2292,2023-07-24 08:00:00
2293,2023-07-25 08:00:00
2294,2023-07-26 08:00:00
2295,2023-07-27 08:00:00
2296,2023-07-28 08:00:00
2297,2023-07-29 08:00:00
2298,2023-07-30 08:00:00
2299,2023-07-31 08:00:00
3044,2023-08-01 08:00:00
3045,2023-08-02 08:00:00
3046,2023-08-03 08:00:00
3047,2023-08-04 08:00:00
3048,2023-08-05 08:00:00
3049,2023-08-06 08:00:00
3050,2023-08-07 08:00:00
3051,2023-08-08 08:00:00
3052,2023-08-09 08:00:00
3053,2023-08-10 08:00:00
3054,2023-08-11 08:00:00
3055,2023-08-12 08:00:00
3056,2023-08-13 08:00:00
3057,2023-08-14 08:00:00
3058,2023-08-15 08:00:00
3059,2023-08-16 08:00:00
